minute_utc,bot_submitted,bot_accepted,bot_rejected
2026-10-09T09:37:00Z,71,64,0
2026-10-09T09:38:00Z,1199,1194,0
2026-10-09T09:39:00Z,1200,1201,0
2026-10-09T09:40:00Z,1200,1202,0
2026-10-09T09:41:00Z,2372,2355,0
2026-10-09T09:42:00Z,2399,2407,0
2026-10-09T09:43:00Z,2400,2394,0
2026-10-09T09:44:00Z,3570,3493,0
2026-10-09T09:45:00Z,3599,3663,0
2026-10-09T09:46:00Z,3602,3599,0
2026-10-09T09:47:00Z,3598,3601,0
2026-10-09T09:48:00Z,3597,3594,0
2026-10-09T09:49:00Z,7085,6653,0
2026-10-09T09:50:00Z,7211,7480,0
2026-10-09T09:51:00Z,7201,7171,0
2026-10-09T09:52:00Z,7191,7074,0
2026-10-09T09:53:00Z,7202,7378,0
2026-10-09T09:54:00Z,14076,13819,0
2026-10-09T09:55:00Z,14404,14397,0
2026-10-09T09:56:00Z,8313,8572,0
2026-10-09T09:57:00Z,7200,7204,0
2026-10-09T09:58:00Z,7202,7195,0
2026-10-09T09:59:00Z,141,129,8509
2026-10-09T10:33:00Z,1755,1055,3
2026-10-09T10:34:00Z,7199,7763,9
2026-10-09T10:35:00Z,6462,5555,6
2026-10-09T10:36:00Z,3599,4559,6
2026-10-09T10:37:00Z,3600,3599,0
2026-10-09T10:38:00Z,3600,3615,0
2026-10-09T10:39:00Z,3601,3601,0
2026-10-09T10:40:00Z,3598,3584,0
2026-10-09T10:41:00Z,3601,3603,0
2026-10-09T10:42:00Z,3599,3610,0
2026-10-09T10:43:00Z,3600,3589,0
2026-10-09T10:44:00Z,3602,3500,0
2026-10-09T10:45:00Z,3599,2017,0
2026-10-09T10:46:00Z,3600,287,0
2026-10-09T10:47:00Z,2708,1028,0
2026-10-09T10:48:00Z,433,0,0
2026-10-09T10:49:00Z,2532,4340,0
2026-10-09T10:50:00Z,1808,0,0
2026-10-09T10:51:00Z,0,0,0
2026-10-09T10:52:00Z,0,0,0
2026-10-09T11:03:00Z,831,744,0
2026-10-09T11:04:00Z,1207,1245,0
2026-10-09T11:05:00Z,994,1032,0
2026-10-09T11:06:00Z,601,602,0
2026-10-09T11:07:00Z,204,195,688
2026-10-09T11:08:00Z,514,392,0
2026-10-09T11:09:00Z,3410,2702,0
2026-10-09T11:10:00Z,3523,1971,0
2026-10-09T11:11:00Z,1806,3989,0
2026-10-09T11:12:00Z,1797,1980,0
2026-10-09T11:13:00Z,1802,1769,0
2026-10-09T11:14:00Z,1799,1809,0
2026-10-09T11:15:00Z,1802,1783,0
2026-10-09T11:16:00Z,1799,1822,0
2026-10-09T11:17:00Z,1797,1813,0
2026-10-09T11:18:00Z,1801,1782,0
2026-10-09T11:19:00Z,1775,1685,0
2026-10-09T11:20:00Z,1801,1873,0
2026-10-09T11:21:00Z,1801,1840,0
2026-10-09T11:22:00Z,1800,1579,0
2026-10-09T11:23:00Z,1780,1989,0
2026-10-09T11:24:00Z,1797,1778,0
2026-10-09T11:25:00Z,1799,1795,0
2026-10-09T11:26:00Z,1802,1823,0
2026-10-09T11:27:00Z,1801,1799,0
2026-10-09T11:28:00Z,1798,1783,0
2026-10-09T11:29:00Z,1801,1807,0
2026-10-09T11:30:00Z,1801,1796,0
2026-10-09T11:31:00Z,1798,1822,0
2026-10-09T11:32:00Z,1800,1786,0
2026-10-09T11:33:00Z,1801,1785,0
2026-10-09T11:34:00Z,2034,2030,0
2026-10-09T11:35:00Z,3599,3576,0
2026-10-09T11:36:00Z,3601,3567,0
2026-10-09T11:37:00Z,3795,2447,0
2026-10-09T11:38:00Z,7198,5069,0
2026-10-09T11:39:00Z,7097,10025,0
2026-10-09T11:40:00Z,3599,2729,0
2026-10-09T11:41:00Z,3603,4845,0
2026-10-09T11:42:00Z,3553,3569,0
2026-10-09T11:43:00Z,3600,3574,0
2026-10-09T11:44:00Z,3600,3478,0
2026-10-09T11:45:00Z,3634,3733,0
2026-10-09T11:46:00Z,3552,3600,0
2026-10-09T11:47:00Z,3586,3588,0
2026-10-09T11:48:00Z,3602,3577,0
2026-10-09T11:49:00Z,3599,3609,0
2026-10-09T11:50:00Z,3603,3585,0
2026-10-09T11:51:00Z,3630,3543,0
2026-10-09T11:52:00Z,3600,3462,0
2026-10-09T11:53:00Z,3605,3809,0
2026-10-09T11:54:00Z,3596,3618,0
2026-10-09T11:55:00Z,3558,3561,0
2026-10-09T11:56:00Z,3641,2851,0
2026-10-09T11:57:00Z,3599,4357,0
2026-10-09T11:58:00Z,3603,3651,0
2026-10-09T11:59:00Z,3599,3603,0
2026-10-09T12:00:00Z,3598,3614,0
2026-10-09T12:01:00Z,3603,3609,0
2026-10-09T12:02:00Z,3584,3445,0
2026-10-09T12:03:00Z,3618,3709,0
2026-10-09T12:04:00Z,3597,3129,0
2026-10-09T12:05:00Z,3598,3205,0
2026-10-09T12:06:00Z,3601,4114,0
2026-10-09T12:07:00Z,3600,3636,0
2026-10-09T12:08:00Z,3600,3438,0
2026-10-09T12:09:00Z,3600,3861,0
2026-10-09T12:10:00Z,3600,3104,0
2026-10-09T12:11:00Z,3600,2460,0
2026-10-09T12:12:00Z,3599,4849,0
2026-10-09T12:13:00Z,3600,3322,0
2026-10-09T12:14:00Z,3596,4039,0
2026-10-09T12:15:00Z,3604,3490,0
2026-10-09T12:16:00Z,3606,1452,0
2026-10-09T12:17:00Z,3596,5796,0
2026-10-09T12:18:00Z,3599,2339,0
2026-10-09T12:19:00Z,3602,4947,0
2026-10-09T12:20:00Z,3603,3890,0
2026-10-09T12:21:00Z,3576,3706,0
2026-10-09T12:22:00Z,3624,3644,0
2026-10-09T12:23:00Z,3596,3550,0
2026-10-09T12:24:00Z,3599,3664,0
2026-10-09T12:25:00Z,3583,3542,0
2026-10-09T12:26:00Z,3617,3658,0
2026-10-09T12:27:00Z,3599,3546,0
2026-10-09T12:28:00Z,3586,3603,0
2026-10-09T12:29:00Z,3600,3365,0
2026-10-09T12:30:00Z,3614,3634,0
2026-10-09T12:31:00Z,3603,3537,0
2026-10-09T12:32:00Z,3598,3882,0
2026-10-09T12:33:00Z,3580,3554,0
2026-10-09T12:34:00Z,3603,3648,0
2026-10-09T12:35:00Z,3599,3549,0
2026-10-09T12:36:00Z,3597,3178,0
2026-10-09T12:37:00Z,3604,4086,0
2026-10-09T12:38:00Z,3599,3551,0
2026-10-09T12:39:00Z,3599,3595,0
2026-10-09T12:40:00Z,3602,3593,0
2026-10-09T12:41:00Z,3433,2903,0
2026-10-09T12:42:00Z,3786,4410,0
2026-10-09T12:43:00Z,3603,3581,0
2026-10-09T12:44:00Z,4733,4689,0
2026-10-09T12:45:00Z,6004,4768,0
2026-10-09T12:46:00Z,5971,5846,0
2026-10-09T12:47:00Z,6018,7226,0
2026-10-09T12:48:00Z,6006,5311,0
2026-10-09T12:49:00Z,4567,5425,0
2026-10-09T12:50:00Z,3603,3493,0
2026-10-09T12:51:00Z,3598,3511,0
2026-10-09T12:52:00Z,3596,2830,0
2026-10-09T12:53:00Z,3602,4080,0
2026-10-09T12:54:00Z,3608,3392,0
2026-10-09T12:55:00Z,3592,2870,0
2026-10-09T12:56:00Z,3598,3906,0
2026-10-09T12:57:00Z,3609,2745,0
2026-10-09T12:58:00Z,3581,4959,0
2026-10-09T12:59:00Z,3540,3434,0
2026-10-09T13:00:00Z,3654,1834,0
2026-10-09T13:01:00Z,3606,4764,0
2026-10-09T13:02:00Z,3601,1398,0
2026-10-09T13:03:00Z,3599,1807,0
2026-10-09T13:04:00Z,3595,6626,0
2026-10-09T13:05:00Z,3598,946,0
2026-10-09T13:06:00Z,3555,7291,0
2026-10-09T13:07:00Z,3647,1514,0
2026-10-09T13:08:00Z,3598,5068,0
2026-10-09T13:09:00Z,3577,916,0
2026-10-09T13:10:00Z,3625,7045,0
2026-10-09T13:11:00Z,3569,2626,0
2026-10-09T13:12:00Z,3612,3658,0
2026-10-09T13:13:00Z,3609,3842,0
2026-10-09T13:14:00Z,3607,4025,0
2026-10-09T13:15:00Z,3590,3554,0
2026-10-09T13:16:00Z,3609,3461,0
2026-10-09T13:17:00Z,3587,1137,0
2026-10-09T13:18:00Z,3611,2394,0
2026-10-09T13:19:00Z,3597,3451,0
2026-10-09T13:20:00Z,2472,2294,0
2026-10-09T13:21:00Z,900,0,0
2026-10-09T13:22:00Z,900,0,0
2026-10-09T13:23:00Z,903,5385,0
2026-10-09T13:24:00Z,870,0,0
2026-10-09T13:25:00Z,926,2323,0
2026-10-09T13:26:00Z,903,0,0
2026-10-09T13:27:00Z,859,0,0
2026-10-09T13:28:00Z,940,1495,0
2026-10-09T13:29:00Z,893,0,0
2026-10-09T13:30:00Z,2,0,0
