utc,synced,sink_lag_s,fee_priority,fee_normal,fee_low
2026-10-09T12:24:34Z,true,4.8,406.8,182.6,114.3
2026-10-09T12:24:44Z,true,0.7,373.8,180.1,114.1
2026-10-09T12:24:54Z,true,2.0,386.9,181.1,114.2
2026-10-09T12:25:04Z,true,0.6,374.9,180.2,114.1
2026-10-09T12:25:14Z,true,1.0,371.6,179.9,114.1
2026-10-09T12:25:24Z,true,2.0,378.1,180.4,114.1
2026-10-09T12:25:34Z,true,0.5,371.9,179.9,114.1
2026-10-09T12:25:44Z,true,0.7,379.3,180.5,114.2
2026-10-09T12:25:54Z,true,0.9,375.1,180.2,114.1
2026-10-09T12:26:04Z,true,1.1,376.2,180.3,114.1
2026-10-09T12:26:14Z,true,1.1,370.4,179.8,114.1
2026-10-09T12:26:24Z,true,0.4,369.9,179.8,114.1
2026-10-09T12:26:34Z,true,2.8,385.8,181.1,114.2
2026-10-09T12:26:44Z,true,0.6,370.1,179.8,114.1
2026-10-09T12:26:54Z,true,0.7,371.0,179.9,114.1
2026-10-09T12:27:04Z,true,1.0,370.7,179.8,114.1
2026-10-09T12:27:14Z,true,0.9,378.1,180.5,114.1
2026-10-09T12:27:24Z,true,2.1,370.2,179.8,114.1
2026-10-09T12:27:34Z,true,1.2,369.1,179.7,114.1
2026-10-09T12:27:44Z,true,1.8,379.4,180.6,114.2
2026-10-09T12:27:54Z,true,1.7,366.8,179.5,114.1
2026-10-09T12:28:04Z,true,2.0,371.9,179.9,114.1
2026-10-09T12:28:14Z,true,1.6,370.9,179.8,114.1
2026-10-09T12:28:24Z,true,1.7,369.9,179.8,114.1
2026-10-09T12:28:34Z,true,0.9,364.8,179.3,114.1
2026-10-09T12:28:44Z,true,0.6,364.2,179.3,114.0
2026-10-09T12:28:54Z,true,1.0,373.8,180.1,114.1
2026-10-09T12:29:04Z,true,2.8,371.3,179.9,114.1
2026-10-09T12:29:14Z,true,4.0,391.4,181.5,114.2
2026-10-09T12:29:24Z,true,1.0,368.8,179.7,114.1
2026-10-09T12:29:34Z,true,8.3,434.3,184.3,114.5
2026-10-09T12:29:44Z,true,15.7,497.5,187.3,114.7
2026-10-09T12:29:54Z,true,16.0,499.7,187.4,114.7
2026-10-09T12:30:04Z,true,6.8,400.4,182.1,114.3
2026-10-09T12:30:14Z,true,5.3,390.1,181.4,114.2
2026-10-09T12:30:24Z,true,8.4,418.0,183.3,114.4
2026-10-09T12:30:34Z,true,3.3,357.8,178.7,114.0
2026-10-09T12:30:44Z,true,10.1,446.0,184.9,114.5
2026-10-09T12:30:54Z,true,4.1,360.5,178.9,114.0
2026-10-09T12:31:04Z,true,1.8,329.2,175.7,113.7
2026-10-09T12:31:14Z,true,0.9,341.9,177.1,113.9
2026-10-09T12:31:24Z,true,1.0,341.8,177.1,113.9
2026-10-09T12:31:34Z,true,1.7,346.2,177.6,113.9
2026-10-09T12:31:44Z,true,9.4,445.0,184.9,114.5
2026-10-09T12:31:54Z,true,1.4,339.8,176.9,113.8
2026-10-09T12:32:04Z,true,0.9,345.6,177.5,113.9
2026-10-09T12:32:14Z,true,1.6,362.6,179.1,114.0
2026-10-09T12:32:24Z,true,0.9,346.1,177.6,113.9
2026-10-09T12:32:34Z,true,1.8,357.3,178.6,114.0
2026-10-09T12:32:44Z,true,1.8,364.8,179.3,114.1
2026-10-09T12:32:54Z,true,0.5,349.8,177.9,113.9
2026-10-09T12:33:04Z,true,2.6,356.6,178.6,114.0
2026-10-09T12:33:14Z,true,2.0,366.8,179.5,114.1
2026-10-09T12:33:24Z,true,2.1,367.3,179.5,114.1
2026-10-09T12:33:34Z,true,2.4,366.3,179.5,114.1
2026-10-09T12:33:44Z,true,2.7,373.4,180.1,114.1
2026-10-09T12:33:54Z,true,2.0,371.4,179.9,114.1
2026-10-09T12:34:04Z,true,2.6,379.8,180.6,114.2
2026-10-09T12:34:14Z,true,2.9,370.3,179.8,114.1
2026-10-09T12:34:24Z,true,2.7,376.5,180.3,114.1
2026-10-09T12:34:34Z,true,2.3,379.8,180.6,114.2
2026-10-09T12:34:44Z,true,2.2,373.6,180.1,114.1
2026-10-09T12:34:54Z,true,2.5,368.0,179.6,114.1
2026-10-09T12:35:04Z,true,2.2,370.6,179.8,114.1
2026-10-09T12:35:14Z,true,2.7,369.4,179.7,114.1
2026-10-09T12:35:24Z,true,2.2,371.3,179.9,114.1
2026-10-09T12:35:34Z,true,2.3,371.6,179.9,114.1
2026-10-09T12:35:44Z,true,2.2,379.1,180.5,114.2
2026-10-09T12:35:54Z,true,2.4,377.8,180.4,114.1
2026-10-09T12:36:04Z,true,4.9,389.8,181.4,114.2
2026-10-09T12:36:14Z,true,1.9,371.1,179.9,114.1
2026-10-09T12:36:24Z,true,6.0,403.4,182.3,114.3
2026-10-09T12:36:34Z,true,2.7,376.3,180.3,114.1
2026-10-09T12:36:44Z,true,3.9,364.2,179.3,114.0
2026-10-09T12:36:54Z,true,7.6,428.5,183.9,114.4
2026-10-09T12:37:04Z,true,5.6,362.8,179.1,114.0
2026-10-09T12:37:14Z,true,5.8,405.1,182.5,114.3
2026-10-09T12:37:24Z,true,2.6,364.3,179.3,114.0
2026-10-09T12:37:34Z,true,1.9,363.0,179.2,114.0
2026-10-09T12:37:44Z,true,2.6,374.8,180.2,114.1
2026-10-09T12:37:54Z,true,2.4,373.9,180.1,114.1
2026-10-09T12:38:04Z,true,2.1,371.2,179.9,114.1
2026-10-09T12:38:14Z,true,2.3,365.9,179.4,114.1
2026-10-09T12:38:24Z,true,3.0,385.6,181.0,114.2
2026-10-09T12:38:34Z,true,2.2,367.8,179.6,114.1
2026-10-09T12:38:44Z,true,2.4,370.4,179.8,114.1
2026-10-09T12:38:54Z,true,3.4,386.7,181.1,114.2
2026-10-09T12:39:04Z,true,2.5,378.3,180.5,114.1
2026-10-09T12:39:14Z,true,4.8,402.6,182.3,114.3
2026-10-09T12:39:24Z,true,2.1,366.9,179.5,114.1
2026-10-09T12:39:34Z,true,3.1,374.9,180.2,114.1
2026-10-09T12:39:44Z,true,1.9,368.8,179.7,114.1
2026-10-09T12:39:54Z,true,2.4,368.7,179.7,114.1
2026-10-09T12:40:04Z,true,0.9,370.0,179.8,114.1
2026-10-09T12:40:14Z,true,2.2,376.7,180.3,114.1
2026-10-09T12:40:24Z,true,2.4,367.7,179.6,114.1
2026-10-09T12:40:34Z,true,2.2,372.7,180.0,114.1
2026-10-09T12:40:44Z,true,2.1,378.2,180.5,114.1
2026-10-09T12:40:54Z,true,2.1,370.2,179.8,114.1
2026-10-09T12:41:04Z,true,2.4,374.5,180.2,114.1
2026-10-09T12:41:14Z,true,2.3,372.5,180.0,114.1
2026-10-09T12:41:24Z,true,3.2,390.2,181.4,114.2
2026-10-09T12:41:34Z,true,4.9,392.0,181.5,114.2
2026-10-09T12:41:44Z,true,9.9,426.0,183.8,114.4
2026-10-09T12:41:54Z,true,14.2,401.1,182.2,114.3
2026-10-09T12:42:14Z,true,20.0,526.1,188.3,114.8
2026-10-09T12:42:24Z,true,14.8,558.8,189.4,114.9
2026-10-09T12:42:34Z,true,9.4,446.0,184.9,114.5
2026-10-09T12:42:44Z,true,3.2,100.0,100.0,100.0
2026-10-09T12:42:54Z,true,0.7,100.0,100.0,100.0
2026-10-09T12:43:04Z,true,0.4,100.0,100.0,100.0
2026-10-09T12:43:14Z,true,0.4,100.0,100.0,100.0
2026-10-09T12:43:24Z,true,0.2,100.0,100.0,100.0
2026-10-09T12:43:34Z,true,0.1,100.0,100.0,100.0
2026-10-09T12:43:44Z,true,0.2,100.0,100.0,100.0
2026-10-09T12:43:54Z,true,0.4,100.0,100.0,100.0
2026-10-09T12:44:04Z,true,0.5,100.0,100.0,100.0
2026-10-09T12:44:14Z,true,0.8,100.0,100.0,100.0
2026-10-09T12:44:24Z,true,1.5,269.5,167.2,112.9
2026-10-09T12:44:34Z,true,1.1,330.2,175.9,113.7
2026-10-09T12:44:44Z,true,2.7,366.7,179.5,114.1
2026-10-09T12:44:54Z,true,2.3,374.0,180.1,114.1
2026-10-09T12:45:04Z,true,4.7,380.3,180.6,114.2
2026-10-09T12:45:14Z,true,2.4,374.1,180.1,114.1
2026-10-09T12:45:24Z,true,4.4,371.6,179.9,114.1
2026-10-09T12:45:34Z,true,2.2,367.6,179.6,114.1
2026-10-09T12:45:44Z,true,3.6,395.6,181.8,114.3
2026-10-09T12:45:54Z,true,11.4,496.2,187.2,114.7
2026-10-09T12:46:04Z,true,13.4,534.7,188.6,114.8
2026-10-09T12:46:14Z,true,15.2,548.2,189.1,114.8
2026-10-09T12:46:24Z,true,19.1,578.2,189.9,114.9
2026-10-09T12:46:34Z,true,21.4,596.2,190.4,114.9
2026-10-09T12:46:44Z,true,31.4,573.5,189.8,114.9
2026-10-09T12:46:54Z,true,10.8,495.6,187.2,114.7
2026-10-09T12:47:04Z,true,15.4,540.8,188.8,114.8
2026-10-09T12:47:14Z,true,15.7,545.7,189.0,114.8
2026-10-09T12:47:24Z,true,8.0,378.0,180.4,114.1
2026-10-09T12:47:34Z,true,5.7,371.0,179.9,114.1
2026-10-09T12:47:44Z,true,5.1,336.6,176.6,113.8
2026-10-09T12:47:54Z,true,2.9,346.1,177.6,113.9
2026-10-09T12:48:04Z,true,2.1,354.0,178.3,114.0
2026-10-09T12:48:14Z,true,2.5,368.3,179.6,114.1
2026-10-09T12:48:24Z,true,2.6,360.7,179.0,114.0
2026-10-09T12:48:34Z,true,2.5,367.5,179.6,114.1
2026-10-09T12:48:44Z,true,2.5,370.6,179.8,114.1
2026-10-09T12:48:54Z,true,6.0,446.3,184.9,114.5
2026-10-09T12:49:04Z,true,10.3,354.5,178.4,114.0
2026-10-09T12:49:14Z,true,2.3,363.8,179.2,114.0
2026-10-09T12:49:24Z,true,11.4,431.4,184.1,114.4
2026-10-09T12:49:44Z,true,2.4,368.4,179.6,114.1
2026-10-09T12:49:54Z,true,3.0,369.9,179.8,114.1
2026-10-09T12:50:04Z,true,3.3,367.5,179.6,114.1
2026-10-09T12:50:14Z,true,2.2,367.9,179.6,114.1
2026-10-09T12:50:24Z,true,2.3,377.1,180.4,114.1
2026-10-09T12:50:34Z,true,10.9,463.4,185.8,114.6
2026-10-09T12:50:44Z,true,14.2,476.3,186.4,114.6
2026-10-09T12:50:54Z,true,3.3,343.4,177.3,113.9
2026-10-09T12:51:04Z,true,2.6,356.6,178.6,114.0
2026-10-09T12:51:14Z,true,2.2,352.3,178.2,114.0
2026-10-09T12:51:24Z,true,4.3,375.2,180.2,114.1
2026-10-09T12:51:34Z,true,2.4,360.1,178.9,114.0
2026-10-09T12:51:44Z,true,2.3,362.7,179.1,114.0
2026-10-09T12:51:54Z,true,2.5,377.2,180.4,114.1
2026-10-09T12:52:04Z,true,5.1,394.8,181.7,114.3
2026-10-09T12:52:14Z,true,2.4,363.1,179.2,114.0
2026-10-09T12:52:24Z,true,1.6,424.4,183.7,114.4
2026-10-09T12:52:34Z,true,6.6,360.2,178.9,114.0
2026-10-09T12:52:44Z,true,4.0,397.7,181.9,114.3
2026-10-09T12:52:54Z,true,12.4,480.4,186.6,114.6
2026-10-09T12:53:04Z,true,23.4,545.2,189.0,114.8
2026-10-09T12:53:14Z,true,26.3,549.0,189.1,114.8
2026-10-09T12:53:24Z,true,36.3,597.4,190.4,114.9
2026-10-09T12:53:34Z,true,27.5,538.3,188.7,114.8
2026-10-09T12:53:44Z,true,37.6,496.7,187.3,114.7
2026-10-09T12:53:54Z,true,7.2,304.2,172.6,113.4
2026-10-09T12:54:04Z,true,8.4,343.7,177.3,113.9
2026-10-09T12:54:14Z,true,13.1,397.6,181.9,114.3
2026-10-09T12:54:24Z,true,23.1,507.4,187.7,114.7
2026-10-09T12:54:34Z,true,10.3,337.9,176.7,113.8
2026-10-09T12:54:44Z,true,10.8,359.9,178.9,114.0
2026-10-09T12:54:54Z,true,9.1,399.4,182.1,114.3
2026-10-09T12:55:04Z,true,7.9,340.7,177.0,113.8
2026-10-09T12:55:14Z,true,4.9,335.7,176.5,113.8
2026-10-09T12:55:24Z,true,10.1,312.1,173.7,113.5
2026-10-09T12:55:34Z,true,10.8,256.7,164.8,112.7
2026-10-09T12:55:44Z,true,11.1,348.0,177.7,113.9
2026-10-09T12:55:54Z,true,20.0,484.5,186.7,114.7
2026-10-09T12:56:04Z,true,22.7,500.8,187.4,114.7
2026-10-09T12:56:14Z,true,30.3,544.9,189.0,114.8
2026-10-09T12:56:24Z,true,21.8,492.5,187.1,114.7
2026-10-09T12:56:34Z,true,13.0,382.5,180.8,114.2
2026-10-09T12:56:44Z,true,10.6,346.3,177.6,113.9
2026-10-09T12:56:54Z,true,20.6,484.5,186.7,114.7
2026-10-09T12:57:04Z,true,24.0,505.3,187.6,114.7
2026-10-09T12:57:14Z,true,18.6,468.6,186.0,114.6
2026-10-09T12:57:24Z,true,26.4,519.4,188.1,114.8
2026-10-09T12:57:34Z,true,22.1,492.5,187.1,114.7
2026-10-09T12:57:44Z,true,18.2,466.9,186.0,114.6
2026-10-09T12:57:54Z,true,28.2,529.4,188.4,114.8
2026-10-09T12:58:04Z,true,24.8,509.1,187.7,114.7
2026-10-09T12:58:14Z,true,13.9,393.6,181.6,114.2
2026-10-09T12:58:24Z,true,15.3,439.7,184.6,114.5
2026-10-09T12:58:34Z,true,14.2,392.7,181.6,114.2
2026-10-09T12:58:44Z,true,6.0,311.7,173.6,113.5
2026-10-09T12:58:54Z,true,11.1,362.5,179.1,114.0
2026-10-09T12:59:04Z,true,6.7,293.6,171.1,113.3
2026-10-09T12:59:14Z,true,13.3,387.4,181.2,114.2
2026-10-09T12:59:24Z,true,14.2,383.7,180.9,114.2
2026-10-09T12:59:34Z,true,23.9,492.4,187.1,114.7
2026-10-09T12:59:44Z,true,33.9,538.1,188.7,114.8
2026-10-09T12:59:54Z,true,7.9,305.3,172.8,113.5
2026-10-09T13:00:04Z,true,11.8,388.0,181.2,114.2
2026-10-09T13:00:14Z,true,8.3,314.6,174.0,113.6
2026-10-09T13:00:24Z,true,13.1,397.5,181.9,114.3
2026-10-09T13:00:34Z,true,23.0,462.7,185.8,114.6
2026-10-09T13:00:44Z,true,26.9,482.1,186.6,114.7
2026-10-09T13:00:54Z,true,36.9,530.4,188.5,114.8
2026-10-09T13:01:04Z,true,29.0,494.3,187.2,114.7
2026-10-09T13:01:14Z,true,10.4,390.0,181.4,114.2
2026-10-09T13:01:24Z,true,14.3,426.6,183.8,114.4
2026-10-09T13:01:34Z,true,6.9,324.3,175.2,113.7
2026-10-09T13:01:44Z,true,14.5,412.2,182.9,114.4
2026-10-09T13:01:54Z,true,17.8,426.3,183.8,114.4
2026-10-09T13:02:04Z,true,19.8,427.8,183.9,114.4
2026-10-09T13:02:14Z,true,29.8,480.3,186.6,114.6
2026-10-09T13:02:24Z,true,39.7,529.9,188.5,114.8
2026-10-09T13:02:34Z,true,34.3,514.2,187.9,114.7
2026-10-09T13:02:44Z,true,44.3,557.1,189.3,114.9
2026-10-09T13:02:54Z,true,54.3,596.5,190.4,114.9
2026-10-09T13:03:04Z,true,64.3,630.6,191.1,115.0
2026-10-09T13:03:14Z,true,74.3,660.6,191.7,115.0
2026-10-09T13:03:24Z,true,84.4,689.0,192.2,115.1
2026-10-09T13:03:34Z,true,66.1,647.6,191.5,115.0
2026-10-09T13:03:44Z,true,74.7,674.3,192.0,115.0
2026-10-09T13:03:54Z,true,84.8,703.8,192.4,115.1
2026-10-09T13:04:04Z,true,37.9,553.7,189.2,114.8
2026-10-09T13:04:14Z,true,47.1,592.7,190.3,114.9
2026-10-09T13:04:24Z,true,10.5,329.5,175.8,113.7
2026-10-09T13:04:34Z,true,18.3,441.9,184.7,114.5
2026-10-09T13:04:44Z,true,23.3,467.2,186.0,114.6
2026-10-09T13:04:54Z,true,33.4,515.8,188.0,114.8
2026-10-09T13:05:04Z,true,43.4,481.5,186.6,114.6
2026-10-09T13:05:14Z,true,38.0,533.0,188.6,114.8
2026-10-09T13:05:24Z,true,48.0,575.5,189.8,114.9
2026-10-09T13:05:34Z,true,58.0,611.0,190.7,115.0
2026-10-09T13:05:44Z,true,68.0,644.3,191.4,115.0
2026-10-09T13:05:54Z,true,78.0,673.8,191.9,115.0
2026-10-09T13:06:04Z,true,61.8,634.3,191.2,115.0
2026-10-09T13:06:14Z,true,70.2,660.5,191.7,115.0
2026-10-09T13:06:24Z,true,80.2,690.9,192.2,115.1
2026-10-09T13:06:34Z,true,90.3,717.1,192.6,115.1
2026-10-09T13:06:44Z,true,47.5,592.7,190.3,114.9
2026-10-09T13:06:54Z,true,18.8,442.7,184.7,114.5
2026-10-09T13:07:04Z,true,18.3,428.8,184.0,114.4
2026-10-09T13:07:14Z,true,25.8,478.3,186.5,114.6
2026-10-09T13:07:24Z,true,35.8,528.5,188.4,114.8
2026-10-09T13:07:34Z,true,45.8,568.7,189.6,114.9
2026-10-09T13:07:44Z,true,42.7,555.1,189.3,114.9
2026-10-09T13:07:54Z,true,51.2,589.7,190.2,114.9
2026-10-09T13:08:04Z,true,26.9,488.8,186.9,114.7
2026-10-09T13:08:14Z,true,13.5,406.6,182.6,114.3
2026-10-09T13:08:24Z,true,13.2,361.6,179.0,114.0
2026-10-09T13:08:34Z,true,15.9,388.0,181.2,114.2
2026-10-09T13:08:44Z,true,16.9,368.2,179.6,114.1
2026-10-09T13:08:54Z,true,26.9,439.7,184.6,114.5
2026-10-09T13:09:04Z,true,36.9,491.8,187.1,114.7
2026-10-09T13:09:14Z,true,46.9,538.8,188.8,114.8
2026-10-09T13:09:24Z,true,41.5,530.7,188.5,114.8
2026-10-09T13:09:34Z,true,51.6,577.2,189.9,114.9
2026-10-09T13:09:44Z,true,61.7,619.3,190.9,115.0
2026-10-09T13:09:54Z,true,71.6,655.5,191.6,115.0
2026-10-09T13:10:04Z,true,50.4,610.7,190.7,115.0
2026-10-09T13:10:14Z,true,18.3,455.9,185.4,114.6
2026-10-09T13:10:24Z,true,25.9,510.0,187.8,114.7
2026-10-09T13:10:34Z,true,22.0,483.5,186.7,114.7
2026-10-09T13:10:44Z,true,18.5,464.6,185.9,114.6
2026-10-09T13:10:54Z,true,14.3,425.5,183.8,114.4
2026-10-09T13:11:04Z,true,14.0,425.8,183.8,114.4
2026-10-09T13:11:14Z,true,24.0,496.9,187.3,114.7
2026-10-09T13:11:24Z,true,34.0,550.8,189.1,114.8
2026-10-09T13:11:34Z,true,35.3,555.1,189.3,114.9
2026-10-09T13:11:44Z,true,45.4,599.5,190.4,114.9
2026-10-09T13:11:54Z,true,55.3,638.1,191.3,115.0
2026-10-09T13:12:04Z,true,39.9,579.6,189.9,114.9
2026-10-09T13:12:14Z,true,50.0,619.6,190.9,115.0
2026-10-09T13:12:24Z,true,59.9,658.4,191.7,115.0
2026-10-09T13:12:34Z,true,37.2,564.1,189.5,114.9
2026-10-09T13:12:44Z,true,47.2,609.5,190.7,115.0
2026-10-09T13:12:54Z,true,30.5,532.6,188.6,114.8
2026-10-09T13:13:04Z,true,13.4,416.4,183.2,114.4
2026-10-09T13:13:14Z,true,15.7,440.9,184.6,114.5
2026-10-09T13:13:24Z,true,12.8,360.5,178.9,114.0
2026-10-09T13:13:34Z,true,13.2,364.7,179.3,114.0
2026-10-09T13:13:44Z,true,23.2,490.2,187.0,114.7
2026-10-09T13:13:54Z,true,25.3,501.7,187.4,114.7
2026-10-09T13:14:04Z,true,35.5,554.4,189.2,114.8
2026-10-09T13:14:14Z,true,29.7,524.9,188.3,114.8
2026-10-09T13:14:24Z,true,6.4,339.8,176.9,113.8
2026-10-09T13:14:34Z,true,11.5,401.7,182.2,114.3
2026-10-09T13:14:44Z,true,16.8,446.5,184.9,114.5
2026-10-09T13:14:54Z,true,26.8,511.2,187.8,114.7
2026-10-09T13:15:04Z,true,28.7,520.0,188.1,114.8
2026-10-09T13:15:14Z,true,2.4,320.4,174.7,113.6
2026-10-09T13:15:24Z,true,11.1,427.3,183.9,114.4
2026-10-09T13:15:34Z,true,18.6,476.1,186.4,114.6
2026-10-09T13:15:44Z,true,19.1,469.4,186.1,114.6
2026-10-09T13:15:54Z,true,19.0,470.7,186.1,114.6
2026-10-09T13:16:04Z,true,29.0,531.5,188.5,114.8
2026-10-09T13:16:14Z,true,39.0,580.1,190.0,114.9
2026-10-09T13:16:24Z,true,34.4,554.5,189.2,114.8
2026-10-09T13:16:34Z,true,19.2,467.7,186.0,114.6
2026-10-09T13:16:44Z,true,29.2,530.5,188.5,114.8
2026-10-09T13:16:54Z,true,21.9,485.0,186.8,114.7
2026-10-09T13:17:04Z,true,31.6,540.1,188.8,114.8
2026-10-09T13:17:14Z,true,41.6,587.8,190.2,114.9
2026-10-09T13:17:24Z,true,51.6,628.5,191.1,115.0
2026-10-09T13:17:34Z,true,42.9,589.1,190.2,114.9
2026-10-09T13:17:44Z,true,52.9,629.0,191.1,115.0
2026-10-09T13:17:54Z,true,63.0,664.8,191.8,115.0
2026-10-09T13:18:04Z,true,72.9,696.8,192.3,115.1
2026-10-09T13:18:14Z,true,83.0,726.4,192.8,115.1
2026-10-09T13:18:24Z,true,93.0,753.8,193.1,115.1
2026-10-09T13:18:34Z,true,64.4,671.4,191.9,115.0
2026-10-09T13:18:44Z,true,72.8,698.5,192.4,115.1
2026-10-09T13:18:54Z,true,82.7,728.8,192.8,115.1
2026-10-09T13:19:04Z,true,92.7,756.0,193.2,115.1
2026-10-09T13:19:14Z,true,48.1,612.8,190.7,115.0
2026-10-09T13:19:24Z,true,55.5,639.5,191.3,115.0
2026-10-09T13:19:34Z,true,65.7,674.1,192.0,115.0
2026-10-09T13:19:44Z,true,75.6,703.8,192.4,115.1
2026-10-09T13:19:54Z,true,85.6,731.8,192.8,115.1
2026-10-09T13:20:04Z,true,95.6,758.0,193.2,115.1
2026-10-09T13:20:14Z,true,105.6,767.6,193.3,115.1
2026-10-09T13:20:24Z,true,115.6,768.2,193.3,115.1
2026-10-09T13:20:34Z,true,125.6,768.7,193.3,115.1
2026-10-09T13:20:44Z,true,98.5,740.3,193.0,115.1
2026-10-09T13:20:54Z,true,106.7,746.1,193.0,115.1
2026-10-09T13:21:04Z,true,116.7,753.4,193.1,115.1
2026-10-09T13:21:14Z,true,126.7,760.9,193.2,115.1
2026-10-09T13:21:24Z,true,136.7,767.4,193.3,115.1
2026-10-09T13:21:34Z,true,146.5,769.6,193.3,115.1
2026-10-09T13:21:44Z,true,156.6,771.0,193.3,115.1
2026-10-09T13:21:54Z,true,166.6,772.1,193.3,115.1
2026-10-09T13:22:04Z,true,176.6,773.5,193.4,115.1
2026-10-09T13:22:14Z,true,186.6,774.1,193.4,115.2
2026-10-09T13:22:24Z,true,196.5,776.0,193.4,115.2
2026-10-09T13:22:34Z,true,206.7,776.4,193.4,115.2
2026-10-09T13:22:44Z,true,216.6,777.1,193.4,115.2
2026-10-09T13:22:54Z,true,226.5,778.1,193.4,115.2
2026-10-09T13:23:04Z,true,236.6,778.3,193.4,115.2
2026-10-09T13:23:14Z,true,246.8,779.0,193.4,115.2
2026-10-09T13:23:24Z,true,164.6,591.8,190.3,114.9
2026-10-09T13:23:34Z,true,173.8,603.3,190.5,114.9
2026-10-09T13:23:44Z,true,183.7,614.7,190.8,115.0
2026-10-09T13:23:54Z,true,192.8,625.7,191.0,115.0
2026-10-09T13:24:04Z,true,202.7,636.2,191.2,115.0
2026-10-09T13:24:14Z,true,212.8,647.6,191.5,115.0
2026-10-09T13:24:24Z,true,222.8,657.5,191.7,115.0
2026-10-09T13:24:34Z,true,232.8,667.9,191.8,115.0
2026-10-09T13:24:44Z,true,242.8,678.8,192.0,115.1
2026-10-09T13:24:54Z,true,252.8,689.1,192.2,115.1
2026-10-09T13:25:04Z,true,110.0,530.0,188.5,114.8
2026-10-09T13:25:14Z,true,120.0,544.3,188.9,114.8
2026-10-09T13:25:24Z,true,130.0,559.6,189.4,114.9
2026-10-09T13:25:34Z,true,140.0,572.6,189.8,114.9
2026-10-09T13:25:44Z,true,149.2,583.3,190.0,114.9
2026-10-09T13:25:54Z,true,158.1,594.3,190.3,114.9
2026-10-09T13:26:04Z,true,168.2,605.9,190.6,114.9
2026-10-09T13:26:14Z,true,178.1,616.2,190.8,115.0
2026-10-09T13:26:24Z,true,188.2,626.9,191.1,115.0
2026-10-09T13:26:34Z,true,198.1,638.2,191.3,115.0
2026-10-09T13:26:44Z,true,208.2,649.6,191.5,115.0
2026-10-09T13:26:54Z,true,218.2,659.4,191.7,115.0
2026-10-09T13:27:04Z,true,228.2,668.3,191.9,115.0
2026-10-09T13:27:14Z,true,238.2,677.0,192.0,115.1
2026-10-09T13:27:24Z,true,248.1,685.1,192.1,115.1
2026-10-09T13:27:34Z,true,258.2,694.3,192.3,115.1
2026-10-09T13:27:44Z,true,268.2,702.3,192.4,115.1
2026-10-09T13:27:54Z,true,179.5,611.4,190.7,115.0
2026-10-09T13:28:04Z,true,189.5,622.3,191.0,115.0
2026-10-09T13:28:14Z,true,199.5,632.7,191.2,115.0
2026-10-09T13:28:24Z,true,207.7,640.8,191.3,115.0
2026-10-09T13:28:34Z,true,217.6,650.3,191.5,115.0
2026-10-09T13:28:44Z,true,227.7,660.0,191.7,115.0
2026-10-09T13:28:54Z,true,237.6,669.4,191.9,115.0
2026-10-09T13:29:04Z,true,247.7,679.0,192.0,115.1
2026-10-09T13:29:14Z,true,257.6,687.3,192.2,115.1
2026-10-09T13:29:24Z,true,267.6,694.8,192.3,115.1
2026-10-09T13:29:34Z,true,277.6,702.8,192.4,115.1
2026-10-09T13:29:44Z,true,287.7,709.6,192.5,115.1
2026-10-09T13:29:54Z,true,297.6,716.2,192.6,115.1
2026-10-09T13:30:04Z,true,307.7,720.5,192.7,115.1
2026-10-09T13:30:14Z,true,317.6,721.5,192.7,115.1
2026-10-09T13:30:24Z,true,327.6,722.1,192.7,115.1
2026-10-09T13:30:34Z,true,337.7,722.3,192.7,115.1
2026-10-09T13:30:44Z,true,347.6,722.5,192.7,115.1
2026-10-09T13:30:54Z,true,357.6,722.9,192.7,115.1
2026-10-09T13:31:04Z,true,367.6,723.4,192.7,115.1
2026-10-09T13:31:14Z,true,377.6,724.0,192.7,115.1
2026-10-09T13:31:24Z,true,387.7,725.1,192.7,115.1
2026-10-09T13:31:34Z,true,397.6,725.9,192.8,115.1
2026-10-09T13:31:44Z,true,407.7,726.2,192.8,115.1
2026-10-09T13:31:54Z,true,417.6,726.4,192.8,115.1
2026-10-09T13:32:04Z,true,427.6,726.9,192.8,115.1
2026-10-09T13:32:14Z,true,437.6,727.4,192.8,115.1
2026-10-09T13:32:24Z,true,447.7,728.9,192.8,115.1
2026-10-09T13:32:34Z,true,457.6,729.2,192.8,115.1
2026-10-09T13:32:44Z,true,467.6,729.4,192.8,115.1
2026-10-09T13:32:54Z,true,477.6,729.5,192.8,115.1
2026-10-09T13:33:04Z,true,487.6,729.6,192.8,115.1
2026-10-09T13:33:14Z,true,497.6,730.0,192.8,115.1
2026-10-09T13:33:24Z,true,507.6,730.3,192.8,115.1
2026-10-09T13:33:34Z,true,517.6,731.0,192.8,115.1
2026-10-09T13:33:44Z,true,527.6,731.4,192.8,115.1
2026-10-09T13:33:54Z,true,537.6,731.5,192.8,115.1
2026-10-09T13:34:04Z,true,547.6,731.8,192.8,115.1
2026-10-09T13:34:14Z,true,557.6,732.1,192.8,115.1
2026-10-09T13:34:24Z,true,567.6,732.3,192.8,115.1
2026-10-09T13:34:34Z,true,577.6,732.9,192.9,115.1
2026-10-09T13:34:44Z,true,587.6,734.3,192.9,115.1
2026-10-09T13:34:54Z,true,425.5,564.0,189.5,114.9
2026-10-09T13:35:04Z,true,435.4,564.4,189.5,114.9
2026-10-09T13:35:14Z,true,445.4,565.2,189.6,114.9
2026-10-09T13:35:24Z,true,455.4,566.0,189.6,114.9
2026-10-09T13:35:34Z,true,465.4,567.0,189.6,114.9
2026-10-09T13:35:44Z,true,475.6,568.0,189.6,114.9
2026-10-09T13:35:54Z,true,485.5,568.2,189.6,114.9
2026-10-09T13:36:04Z,true,495.4,568.4,189.6,114.9
2026-10-09T13:36:14Z,true,505.4,568.9,189.7,114.9
2026-10-09T13:36:24Z,true,515.4,569.7,189.7,114.9
2026-10-09T13:36:34Z,true,525.4,571.1,189.7,114.9
2026-10-09T13:36:44Z,true,535.4,571.9,189.7,114.9
2026-10-09T13:36:54Z,true,545.4,572.4,189.8,114.9
2026-10-09T13:37:04Z,true,555.4,573.7,189.8,114.9
2026-10-09T13:37:14Z,true,565.4,574.2,189.8,114.9
2026-10-09T13:37:24Z,true,575.4,575.1,189.8,114.9
2026-10-09T13:37:34Z,true,585.5,575.7,189.8,114.9
2026-10-09T13:37:44Z,true,595.5,576.6,189.9,114.9
2026-10-09T13:37:54Z,true,605.5,577.5,189.9,114.9
2026-10-09T13:38:04Z,true,615.4,578.0,189.9,114.9
2026-10-09T13:38:14Z,true,625.4,579.1,189.9,114.9
2026-10-09T13:38:24Z,true,635.4,579.7,189.9,114.9
2026-10-09T13:38:34Z,true,645.4,580.5,190.0,114.9
2026-10-09T13:38:44Z,true,655.4,581.6,190.0,114.9
2026-10-09T13:38:54Z,false,665.4,582.7,190.0,114.9
2026-10-09T13:39:04Z,false,675.4,582.7,190.0,114.9
2026-10-09T13:39:14Z,false,685.4,582.7,190.0,114.9
2026-10-09T13:39:24Z,false,695.4,582.7,190.0,114.9
2026-10-09T13:39:34Z,false,705.4,582.7,190.0,114.9
2026-10-09T13:39:44Z,false,715.5,582.7,190.0,114.9
2026-10-09T13:39:54Z,false,725.5,582.7,190.0,114.9
2026-10-09T13:40:04Z,false,735.4,582.7,190.0,114.9
2026-10-09T13:40:14Z,false,745.4,582.7,190.0,114.9
2026-10-09T13:40:24Z,false,755.4,582.7,190.0,114.9
2026-10-09T13:40:34Z,false,765.5,582.7,190.0,114.9
2026-10-09T13:40:44Z,true,357.8,582.7,190.0,114.9
2026-10-09T13:40:54Z,true,369.4,271.1,167.5,112.9
2026-10-09T13:41:04Z,true,377.8,268.4,167.0,112.9
2026-10-09T13:41:14Z,true,387.8,270.8,167.5,112.9
2026-10-09T13:41:24Z,true,397.9,273.1,167.9,113.0
2026-10-09T13:41:34Z,true,408.0,275.1,168.2,113.0
2026-10-09T13:41:44Z,true,417.9,275.9,168.3,113.0
2026-10-09T13:41:54Z,true,427.8,278.4,168.8,113.1
2026-10-09T13:42:04Z,true,437.8,280.9,169.2,113.1
2026-10-09T13:42:14Z,true,447.9,281.6,169.3,113.1
2026-10-09T13:42:24Z,true,457.8,282.1,169.4,113.1
2026-10-09T13:42:34Z,true,467.8,284.4,169.7,113.2
2026-10-09T13:42:44Z,true,477.9,286.1,170.0,113.2
2026-10-09T13:42:54Z,true,487.9,286.8,170.1,113.2
2026-10-09T13:43:04Z,true,497.9,290.6,170.7,113.3
2026-10-09T13:43:14Z,true,507.9,294.2,171.2,113.3
2026-10-09T13:43:24Z,true,517.8,296.5,171.6,113.3
2026-10-09T13:43:34Z,true,527.8,300.1,172.1,113.4
2026-10-09T13:43:44Z,true,537.8,302.9,172.5,113.4
2026-10-09T13:43:54Z,true,547.8,305.4,172.8,113.5
2026-10-09T13:44:04Z,true,557.8,309.7,173.4,113.5
2026-10-09T13:44:14Z,true,567.7,314.5,174.0,113.6
2026-10-09T13:44:24Z,true,577.8,318.1,174.4,113.6
2026-10-09T13:44:34Z,true,587.8,320.4,174.7,113.6
2026-10-09T13:44:44Z,true,597.8,325.5,175.3,113.7
2026-10-09T13:44:54Z,true,607.8,327.6,175.6,113.7
2026-10-09T13:45:04Z,true,617.8,332.0,176.1,113.8
2026-10-09T13:45:14Z,true,627.8,336.0,176.5,113.8
2026-10-09T13:45:24Z,true,637.8,343.0,177.2,113.9
2026-10-09T13:45:34Z,true,647.8,349.3,177.9,113.9
2026-10-09T13:45:44Z,true,657.8,355.7,178.5,114.0
2026-10-09T13:45:54Z,false,667.8,357.5,178.7,114.0
2026-10-09T13:46:04Z,false,677.8,357.5,178.7,114.0
2026-10-09T13:46:14Z,false,687.8,357.5,178.7,114.0
2026-10-09T13:46:24Z,false,697.8,357.5,178.7,114.0
2026-10-09T13:46:34Z,true,345.0,302.1,172.3,113.4
2026-10-09T13:46:44Z,true,355.0,312.5,173.7,113.5
2026-10-09T13:46:54Z,true,365.0,322.2,174.9,113.7
2026-10-09T13:47:04Z,true,375.0,327.0,175.5,113.7
2026-10-09T13:47:14Z,true,385.0,334.9,176.4,113.8
2026-10-09T13:47:24Z,true,395.0,341.8,177.1,113.9
2026-10-09T13:47:34Z,true,405.0,346.5,177.6,113.9
2026-10-09T13:47:44Z,true,415.0,353.6,178.3,114.0
2026-10-09T13:47:54Z,true,425.0,361.4,179.0,114.0
2026-10-09T13:48:04Z,true,435.0,366.3,179.5,114.1
2026-10-09T13:48:14Z,true,278.5,347.4,177.7,113.9
2026-10-09T13:48:24Z,true,288.4,350.8,178.0,113.9
2026-10-09T13:48:34Z,true,298.4,352.0,178.1,113.9
2026-10-09T13:48:44Z,true,308.4,352.6,178.2,114.0
2026-10-09T13:48:54Z,true,318.4,353.3,178.3,114.0
2026-10-09T13:49:04Z,true,328.4,353.8,178.3,114.0
2026-10-09T13:49:14Z,true,338.5,354.6,178.4,114.0
2026-10-09T13:49:24Z,true,348.4,355.6,178.5,114.0
2026-10-09T13:49:34Z,true,358.4,356.9,178.6,114.0
2026-10-09T13:49:44Z,true,368.5,362.4,179.1,114.0
2026-10-09T13:49:54Z,true,378.4,370.0,179.8,114.1
2026-10-09T13:50:04Z,true,388.4,376.8,180.3,114.1
2026-10-09T13:50:14Z,true,398.4,382.7,180.8,114.2
2026-10-09T13:50:24Z,true,408.5,386.3,181.1,114.2
2026-10-09T13:50:34Z,true,418.5,387.9,181.2,114.2
2026-10-09T13:50:44Z,true,428.4,391.6,181.5,114.2
2026-10-09T13:50:54Z,true,438.5,392.1,181.5,114.2
2026-10-09T13:51:04Z,true,448.4,394.4,181.7,114.3
2026-10-09T13:51:14Z,true,458.4,396.4,181.8,114.3
2026-10-09T13:51:24Z,true,468.4,397.6,181.9,114.3
2026-10-09T13:51:34Z,true,478.5,398.1,182.0,114.3
2026-10-09T13:51:44Z,true,488.4,401.3,182.2,114.3
2026-10-09T13:51:54Z,true,498.4,403.5,182.3,114.3
2026-10-09T13:52:04Z,true,508.4,406.9,182.6,114.3
2026-10-09T13:52:14Z,true,518.4,411.8,182.9,114.4
2026-10-09T13:52:24Z,true,528.4,418.8,183.3,114.4
2026-10-09T13:52:34Z,true,529.2,422.3,183.6,114.4
2026-10-09T13:52:44Z,true,539.2,423.7,183.6,114.4
2026-10-09T13:52:54Z,true,534.9,424.6,183.7,114.4
2026-10-09T13:53:04Z,true,544.7,426.2,183.8,114.4
2026-10-09T13:53:14Z,true,547.4,428.1,183.9,114.4
2026-10-09T13:53:24Z,true,557.5,430.8,184.1,114.4
2026-10-09T13:53:34Z,true,549.3,433.3,184.2,114.5
2026-10-09T13:53:44Z,true,553.4,433.8,184.2,114.5
2026-10-09T13:53:54Z,true,550.1,437.3,184.4,114.5
2026-10-09T13:54:04Z,true,557.1,439.4,184.6,114.5
2026-10-09T13:54:14Z,true,562.6,442.6,184.7,114.5
2026-10-09T13:54:24Z,true,572.6,444.3,184.8,114.5
2026-10-09T13:54:34Z,true,582.6,448.0,185.0,114.5
2026-10-09T13:54:44Z,true,576.6,449.5,185.1,114.5
2026-10-09T13:54:54Z,true,584.6,450.1,185.1,114.5
2026-10-09T13:55:04Z,true,572.1,453.1,185.3,114.5
2026-10-09T13:55:14Z,true,582.1,455.5,185.4,114.6
2026-10-09T13:55:24Z,true,590.0,459.4,185.6,114.6
2026-10-09T13:55:34Z,true,578.9,463.6,185.8,114.6
2026-10-09T13:55:44Z,true,571.7,465.9,185.9,114.6
2026-10-09T13:55:54Z,true,577.7,466.5,185.9,114.6
2026-10-09T13:56:04Z,true,567.6,470.9,186.1,114.6
2026-10-09T13:56:14Z,true,573.4,472.4,186.2,114.6
2026-10-09T13:56:24Z,true,583.4,476.1,186.4,114.6
2026-10-09T13:56:34Z,true,593.4,477.8,186.5,114.6
2026-10-09T13:56:44Z,true,587.1,481.7,186.6,114.6
2026-10-09T13:56:54Z,true,593.2,482.4,186.7,114.7
2026-10-09T13:57:04Z,true,580.3,484.1,186.7,114.7
2026-10-09T13:57:14Z,true,588.1,488.2,186.9,114.7
2026-10-09T13:57:24Z,true,575.7,491.6,187.0,114.7
2026-10-09T13:57:34Z,true,585.7,495.1,187.2,114.7
2026-10-09T13:57:44Z,true,573.2,499.2,187.4,114.7
2026-10-09T13:57:54Z,true,583.6,500.4,187.4,114.7
2026-10-09T13:58:04Z,true,593.6,501.2,187.4,114.7
2026-10-09T13:58:14Z,true,603.6,501.3,187.4,114.7
2026-10-09T13:58:24Z,true,613.6,501.4,187.4,114.7
2026-10-09T13:58:34Z,true,623.5,502.6,187.5,114.7
2026-10-09T13:58:44Z,true,633.5,504.4,187.6,114.7
2026-10-09T13:58:54Z,true,643.6,505.8,187.6,114.7
2026-10-09T13:59:04Z,true,653.6,506.1,187.6,114.7
2026-10-09T13:59:14Z,false,663.6,506.3,187.6,114.7
2026-10-09T13:59:24Z,false,673.7,506.3,187.6,114.7
2026-10-09T13:59:34Z,false,683.5,506.3,187.6,114.7
2026-10-09T13:59:44Z,false,693.6,506.3,187.6,114.7
2026-10-09T13:59:54Z,false,703.6,506.3,187.6,114.7
2026-10-09T14:00:56Z,false,765.5,506.3,187.6,114.7
2026-10-09T14:01:06Z,false,775.5,506.3,187.6,114.7
2026-10-09T14:01:16Z,false,785.5,506.3,187.6,114.7
2026-10-09T14:01:26Z,false,795.5,506.3,187.6,114.7
2026-10-09T14:01:36Z,false,804.5,506.3,187.6,114.7
2026-10-09T14:01:46Z,false,779.8,506.3,187.6,114.7
2026-10-09T14:01:56Z,false,758.7,506.3,187.6,114.7
2026-10-09T14:02:06Z,false,748.0,506.3,187.6,114.7
2026-10-09T14:02:16Z,false,747.4,506.3,187.6,114.7
2026-10-09T14:02:26Z,false,723.6,506.3,187.6,114.7
2026-10-09T14:02:36Z,false,704.4,506.3,187.6,114.7
2026-10-09T14:02:46Z,false,691.8,506.3,187.6,114.7
2026-10-09T14:02:56Z,false,661.7,506.4,187.6,114.7
2026-10-09T14:03:06Z,false,661.4,506.4,187.6,114.7
2026-10-09T14:03:16Z,true,661.0,507.0,187.7,114.7
2026-10-09T14:03:26Z,true,658.4,507.6,187.7,114.7
2026-10-09T14:03:36Z,true,645.6,508.4,187.7,114.7
2026-10-09T14:03:46Z,true,655.5,509.0,187.7,114.7
2026-10-09T14:03:56Z,true,655.0,509.6,187.8,114.7
2026-10-09T14:04:06Z,true,655.2,510.1,187.8,114.7
2026-10-09T14:04:16Z,true,653.1,510.6,187.8,114.7
2026-10-09T14:04:26Z,true,652.4,511.4,187.8,114.7
2026-10-09T14:04:36Z,true,652.1,512.2,187.8,114.7
2026-10-09T14:04:46Z,true,648.1,513.1,187.9,114.7
2026-10-09T14:04:56Z,true,646.6,513.8,187.9,114.7
2026-10-09T14:05:06Z,true,646.9,514.4,187.9,114.7
2026-10-09T14:05:16Z,true,644.3,514.7,187.9,114.8
2026-10-09T14:05:26Z,true,654.3,515.6,188.0,114.8
2026-10-09T14:05:36Z,true,654.8,516.2,188.0,114.8
2026-10-09T14:05:46Z,true,653.9,516.8,188.0,114.8
2026-10-09T14:05:56Z,true,652.6,517.1,188.0,114.8
2026-10-09T14:06:06Z,true,652.2,517.7,188.0,114.8
2026-10-09T14:06:16Z,false,662.2,517.7,188.0,114.8
2026-10-09T14:06:26Z,false,662.1,518.1,188.1,114.8
2026-10-09T14:06:36Z,true,661.0,518.3,188.1,114.8
2026-10-09T14:06:46Z,false,661.6,518.5,188.1,114.8
2026-10-09T14:06:56Z,false,661.8,518.7,188.1,114.8
2026-10-09T14:07:06Z,false,661.3,519.0,188.1,114.8
2026-10-09T14:07:16Z,true,660.7,519.0,188.1,114.8
2026-10-09T14:07:26Z,true,649.5,519.7,188.1,114.8
2026-10-09T14:07:36Z,true,649.0,520.0,188.1,114.8
2026-10-09T14:07:46Z,true,648.7,520.2,188.1,114.8
2026-10-09T14:07:56Z,true,658.7,520.4,188.1,114.8
2026-10-09T14:08:06Z,true,658.4,521.0,188.2,114.8
2026-10-09T14:08:16Z,true,655.6,521.2,188.2,114.8
2026-10-09T14:08:26Z,true,656.3,521.4,188.2,114.8
2026-10-09T14:08:36Z,true,649.0,521.7,188.2,114.8
2026-10-09T14:08:46Z,true,658.9,521.7,188.2,114.8
2026-10-09T14:08:56Z,false,668.9,521.7,188.2,114.8
2026-10-09T14:09:06Z,false,679.2,521.7,188.2,114.8
2026-10-09T14:09:16Z,false,688.9,521.7,188.2,114.8
2026-10-09T14:09:26Z,false,698.9,521.7,188.2,114.8
2026-10-09T14:09:36Z,false,709.0,521.7,188.2,114.8
2026-10-09T14:09:46Z,false,719.0,521.7,188.2,114.8
2026-10-09T14:09:56Z,false,728.9,521.7,188.2,114.8
2026-10-09T14:10:06Z,false,739.0,521.7,188.2,114.8
2026-10-09T14:10:16Z,false,749.0,521.7,188.2,114.8
2026-10-09T14:10:26Z,false,758.9,521.7,188.2,114.8
2026-10-09T14:10:36Z,false,769.0,521.7,188.2,114.8
2026-10-09T14:10:46Z,false,778.9,521.7,188.2,114.8
2026-10-09T14:10:56Z,false,788.9,521.7,188.2,114.8
2026-10-09T14:11:06Z,false,798.9,521.7,188.2,114.8
2026-10-09T14:11:16Z,false,809.0,521.7,188.2,114.8
2026-10-09T14:11:26Z,false,818.9,521.7,188.2,114.8
2026-10-09T14:11:36Z,false,828.9,521.7,188.2,114.8
2026-10-09T14:11:46Z,false,838.9,521.7,188.2,114.8
2026-10-09T14:11:56Z,false,845.7,521.7,188.2,114.8
2026-10-09T14:12:06Z,false,834.4,521.7,188.2,114.8
2026-10-09T14:12:16Z,false,815.8,521.7,188.2,114.8
2026-10-09T14:12:26Z,false,787.4,521.7,188.2,114.8
2026-10-09T14:12:36Z,false,767.2,521.7,188.2,114.8
2026-10-09T14:12:46Z,false,738.0,521.7,188.2,114.8
2026-10-09T14:12:56Z,false,730.4,521.7,188.2,114.8
2026-10-09T14:13:06Z,false,707.8,521.7,188.2,114.8
2026-10-09T14:13:16Z,false,691.0,521.7,188.2,114.8
2026-10-09T14:13:26Z,false,671.7,521.7,188.2,114.8
2026-10-09T14:13:36Z,false,661.2,521.7,188.2,114.8
2026-10-09T14:13:46Z,false,662.3,521.7,188.2,114.8
2026-10-09T14:13:56Z,false,662.1,521.7,188.2,114.8
2026-10-09T14:14:06Z,false,662.5,521.7,188.2,114.8
2026-10-09T14:14:16Z,false,662.5,521.7,188.2,114.8
2026-10-09T14:14:26Z,false,661.4,521.7,188.2,114.8
2026-10-09T14:14:36Z,true,661.0,521.7,188.2,114.8
2026-10-09T14:14:46Z,true,661.1,521.7,188.2,114.8
2026-10-09T14:14:56Z,true,652.1,521.7,188.2,114.8
2026-10-09T14:15:06Z,false,662.1,521.7,188.2,114.8
2026-10-09T14:15:16Z,false,661.7,521.8,188.2,114.8
2026-10-09T14:15:26Z,true,660.4,521.8,188.2,114.8
2026-10-09T14:15:36Z,false,661.3,521.8,188.2,114.8
2026-10-09T14:15:46Z,false,661.5,521.9,188.2,114.8
2026-10-09T14:15:56Z,true,660.4,521.9,188.2,114.8
2026-10-09T14:16:06Z,true,647.9,522.0,188.2,114.8
2026-10-09T14:16:16Z,true,647.6,522.0,188.2,114.8
2026-10-09T14:16:26Z,true,657.6,522.0,188.2,114.8
2026-10-09T14:16:36Z,true,657.3,522.0,188.2,114.8
2026-10-09T14:16:46Z,true,658.1,522.1,188.2,114.8
2026-10-09T14:16:56Z,true,658.5,522.1,188.2,114.8
2026-10-09T14:17:06Z,true,658.1,522.1,188.2,114.8
2026-10-09T14:17:16Z,true,658.9,522.1,188.2,114.8
2026-10-09T14:17:26Z,true,657.6,522.1,188.2,114.8
2026-10-09T14:17:36Z,true,657.0,522.1,188.2,114.8
2026-10-09T14:17:46Z,true,657.4,522.1,188.2,114.8
2026-10-09T14:17:56Z,true,658.2,522.1,188.2,114.8
2026-10-09T14:18:06Z,true,657.9,522.1,188.2,114.8
2026-10-09T14:18:16Z,true,658.0,522.1,188.2,114.8
2026-10-09T14:18:26Z,true,657.8,522.1,188.2,114.8
2026-10-09T14:18:36Z,true,656.2,522.1,188.2,114.8
2026-10-09T14:18:46Z,true,655.4,522.2,188.2,114.8
2026-10-09T14:18:56Z,true,653.5,522.3,188.2,114.8
2026-10-09T14:19:06Z,true,654.8,522.3,188.2,114.8
2026-10-09T14:19:16Z,true,654.5,522.3,188.2,114.8
2026-10-09T14:19:26Z,true,654.3,522.3,188.2,114.8
2026-10-09T14:19:36Z,false,664.4,528.3,188.4,114.8
2026-10-09T14:19:46Z,false,665.6,528.3,188.4,114.8
2026-10-09T14:19:56Z,false,675.6,528.3,188.4,114.8
2026-10-09T14:20:06Z,false,685.6,528.3,188.4,114.8
2026-10-09T14:20:16Z,false,695.5,528.3,188.4,114.8
2026-10-09T14:20:26Z,false,705.6,528.3,188.4,114.8
2026-10-09T14:20:36Z,false,715.5,528.3,188.4,114.8
2026-10-09T14:20:46Z,false,725.6,528.3,188.4,114.8
2026-10-09T14:20:56Z,false,735.6,528.3,188.4,114.8
2026-10-09T14:21:06Z,false,745.6,528.3,188.4,114.8
2026-10-09T14:21:16Z,false,755.6,528.3,188.4,114.8
2026-10-09T14:21:26Z,false,765.6,528.3,188.4,114.8
2026-10-09T14:21:36Z,false,775.5,528.3,188.4,114.8
2026-10-09T14:21:46Z,false,785.6,528.3,188.4,114.8
2026-10-09T14:21:56Z,false,795.5,528.3,188.4,114.8
2026-10-09T14:22:06Z,false,805.6,528.3,188.4,114.8
2026-10-09T14:22:16Z,false,815.6,528.3,188.4,114.8
2026-10-09T14:22:26Z,false,825.6,528.3,188.4,114.8
2026-10-09T14:22:36Z,false,835.9,528.3,188.4,114.8
2026-10-09T14:22:46Z,false,845.6,528.3,188.4,114.8
2026-10-09T14:22:56Z,false,852.0,528.3,188.4,114.8
2026-10-09T14:23:06Z,false,828.2,528.3,188.4,114.8
2026-10-09T14:23:16Z,false,816.4,528.3,188.4,114.8
2026-10-09T14:23:26Z,false,789.9,528.3,188.4,114.8
2026-10-09T14:23:36Z,false,776.6,528.3,188.4,114.8
2026-10-09T14:23:46Z,false,757.9,528.3,188.4,114.8
2026-10-09T14:23:56Z,false,724.8,528.3,188.4,114.8
2026-10-09T14:24:06Z,false,684.4,528.3,188.4,114.8
2026-10-09T14:24:16Z,false,665.3,528.3,188.4,114.8
2026-10-09T14:24:26Z,true,660.9,528.3,188.4,114.8
2026-10-09T14:24:36Z,true,660.3,528.3,188.4,114.8
2026-10-09T14:24:46Z,false,661.5,528.3,188.4,114.8
2026-10-09T14:24:56Z,true,651.8,528.3,188.4,114.8
2026-10-09T14:25:06Z,false,661.8,528.3,188.4,114.8
2026-10-09T14:25:16Z,false,662.9,528.3,188.4,114.8
2026-10-09T14:25:26Z,false,662.4,528.3,188.4,114.8
2026-10-09T14:25:36Z,true,652.2,528.3,188.4,114.8
2026-10-09T14:25:46Z,false,661.8,528.4,188.4,114.8
2026-10-09T14:25:56Z,true,652.3,528.4,188.4,114.8
2026-10-09T14:26:06Z,true,651.7,528.4,188.4,114.8
2026-10-09T14:26:16Z,true,651.4,528.7,188.4,114.8
2026-10-09T14:26:26Z,true,652.0,528.7,188.4,114.8
2026-10-09T14:26:36Z,true,652.9,528.7,188.4,114.8
2026-10-09T14:26:46Z,true,652.5,528.7,188.4,114.8
2026-10-09T14:26:56Z,true,652.1,528.7,188.4,114.8
2026-10-09T14:27:06Z,true,652.7,528.7,188.4,114.8
2026-10-09T14:27:16Z,true,652.0,528.7,188.4,114.8
2026-10-09T14:27:26Z,true,650.6,528.7,188.4,114.8
2026-10-09T14:27:36Z,true,660.6,528.7,188.4,114.8
2026-10-09T14:27:46Z,false,661.4,528.7,188.4,114.8
2026-10-09T14:27:56Z,true,660.1,528.7,188.4,114.8
2026-10-09T14:28:06Z,true,653.9,528.7,188.4,114.8
2026-10-09T14:28:16Z,true,652.3,528.7,188.4,114.8
2026-10-09T14:28:26Z,false,662.4,528.7,188.4,114.8
2026-10-09T14:28:36Z,true,655.7,528.8,188.4,114.8
2026-10-09T14:28:46Z,true,655.9,528.8,188.4,114.8
2026-10-09T14:28:56Z,true,654.9,528.8,188.4,114.8
2026-10-09T14:29:06Z,true,655.9,528.8,188.4,114.8
2026-10-09T14:29:16Z,true,656.5,528.8,188.4,114.8
2026-10-09T14:29:26Z,true,657.4,528.8,188.4,114.8
2026-10-09T14:29:36Z,true,657.8,528.8,188.4,114.8
2026-10-09T14:29:46Z,true,656.7,528.9,188.4,114.8
2026-10-09T14:29:56Z,true,657.1,529.0,188.4,114.8
2026-10-09T14:30:06Z,true,658.1,529.3,188.4,114.8
2026-10-09T14:30:16Z,true,656.9,529.8,188.5,114.8
2026-10-09T14:30:26Z,true,645.5,530.7,188.5,114.8
2026-10-09T14:30:36Z,true,655.5,531.0,188.5,114.8
2026-10-09T14:30:46Z,false,665.4,531.0,188.5,114.8
2026-10-09T14:30:56Z,false,675.5,531.0,188.5,114.8
2026-10-09T14:31:06Z,false,685.5,531.0,188.5,114.8
2026-10-09T14:31:16Z,false,695.5,531.0,188.5,114.8
2026-10-09T14:31:26Z,false,705.5,531.0,188.5,114.8
2026-10-09T14:31:36Z,false,715.4,531.0,188.5,114.8
2026-10-09T14:31:46Z,false,725.5,531.0,188.5,114.8
2026-10-09T14:31:56Z,false,735.5,531.0,188.5,114.8
2026-10-09T14:32:06Z,false,745.5,531.0,188.5,114.8
2026-10-09T14:32:16Z,false,755.5,531.0,188.5,114.8
2026-10-09T14:32:26Z,false,765.5,531.0,188.5,114.8
2026-10-09T14:32:36Z,false,775.5,531.0,188.5,114.8
2026-10-09T14:32:46Z,false,785.5,531.0,188.5,114.8
2026-10-09T14:32:56Z,false,795.4,531.0,188.5,114.8
2026-10-09T14:33:06Z,false,805.5,531.0,188.5,114.8
2026-10-09T14:33:16Z,false,815.5,531.0,188.5,114.8
2026-10-09T14:33:26Z,false,825.4,531.0,188.5,114.8
2026-10-09T14:33:36Z,false,814.0,531.0,188.5,114.8
2026-10-09T14:33:46Z,false,800.5,531.0,188.5,114.8
2026-10-09T14:33:56Z,false,770.7,531.0,188.5,114.8
2026-10-09T14:34:06Z,false,735.7,531.0,188.5,114.8
2026-10-09T14:34:16Z,false,723.9,531.0,188.5,114.8
2026-10-09T14:34:26Z,false,715.3,531.0,188.5,114.8
2026-10-09T14:34:36Z,false,692.9,531.0,188.5,114.8
2026-10-09T14:34:46Z,false,663.8,531.0,188.5,114.8
2026-10-09T14:34:56Z,false,662.9,532.8,188.6,114.8
2026-10-09T14:35:06Z,false,663.9,534.5,188.6,114.8
2026-10-09T14:35:16Z,false,653.8,535.5,188.7,114.8
2026-10-09T14:35:26Z,true,653.8,538.8,188.8,114.8
2026-10-09T14:35:36Z,true,654.8,540.7,188.8,114.8
2026-10-09T14:35:46Z,true,653.4,543.1,188.9,114.8
2026-10-09T14:35:56Z,true,653.5,547.0,189.0,114.8
2026-10-09T14:36:06Z,true,652.1,549.5,189.1,114.8
2026-10-09T14:36:16Z,false,662.2,553.3,189.2,114.8
2026-10-09T14:36:26Z,true,661.0,556.9,189.3,114.9
2026-10-09T14:36:36Z,true,660.4,560.1,189.4,114.9
2026-10-09T14:36:46Z,true,659.5,564.1,189.5,114.9
2026-10-09T14:36:56Z,true,659.6,567.6,189.6,114.9
2026-10-09T14:37:06Z,true,660.7,571.6,189.7,114.9
2026-10-09T14:37:16Z,true,661.1,573.7,189.8,114.9
2026-10-09T14:37:26Z,true,660.2,577.6,189.9,114.9
2026-10-09T14:37:36Z,true,650.2,580.8,190.0,114.9
2026-10-09T14:37:46Z,true,660.1,583.1,190.0,114.9
2026-10-09T14:37:56Z,true,660.0,586.3,190.1,114.9
2026-10-09T14:38:06Z,true,658.8,587.9,190.2,114.9
2026-10-09T14:38:16Z,true,648.9,588.3,190.2,114.9
2026-10-09T14:38:26Z,true,659.0,589.1,190.2,114.9
2026-10-09T14:38:36Z,true,651.3,589.9,190.2,114.9
2026-10-09T14:38:46Z,true,651.7,590.8,190.2,114.9
2026-10-09T14:38:56Z,true,652.5,592.0,190.3,114.9
2026-10-09T14:39:06Z,false,650.2,592.8,190.3,114.9
2026-10-09T14:39:16Z,true,660.2,593.8,190.3,114.9
2026-10-09T14:39:26Z,true,649.2,594.3,190.3,114.9
2026-10-09T14:39:36Z,true,659.2,594.6,190.3,114.9
2026-10-09T14:39:46Z,true,658.7,595.3,190.3,114.9
2026-10-09T14:39:56Z,true,659.0,596.2,190.4,114.9
2026-10-09T14:40:06Z,true,660.1,596.7,190.4,114.9
2026-10-09T14:40:16Z,true,658.9,597.7,190.4,114.9
2026-10-09T14:40:26Z,true,658.6,598.6,190.4,114.9
2026-10-09T14:40:36Z,true,657.5,599.8,190.4,114.9
2026-10-09T14:40:46Z,true,656.5,600.9,190.5,114.9
2026-10-09T14:40:56Z,true,655.9,602.2,190.5,114.9
2026-10-09T14:41:06Z,true,655.3,603.7,190.5,114.9
2026-10-09T14:41:16Z,true,651.1,604.7,190.6,114.9
2026-10-09T14:41:26Z,true,661.1,605.1,190.6,114.9
2026-10-09T14:41:36Z,false,671.1,605.1,190.6,114.9
2026-10-09T14:41:46Z,false,681.1,605.1,190.6,114.9
2026-10-09T14:41:56Z,false,691.1,605.1,190.6,114.9
2026-10-09T14:42:06Z,false,701.1,605.1,190.6,114.9
2026-10-09T14:42:16Z,false,711.1,605.1,190.6,114.9
2026-10-09T14:42:26Z,false,721.1,605.1,190.6,114.9
2026-10-09T14:42:36Z,false,731.1,605.1,190.6,114.9
2026-10-09T14:42:46Z,false,741.1,605.1,190.6,114.9
2026-10-09T14:42:56Z,false,751.1,605.1,190.6,114.9
2026-10-09T14:43:06Z,false,761.1,605.1,190.6,114.9
2026-10-09T14:43:16Z,false,771.1,605.1,190.6,114.9
2026-10-09T14:43:26Z,false,781.0,605.1,190.6,114.9
2026-10-09T14:43:36Z,false,791.0,605.1,190.6,114.9
2026-10-09T14:43:46Z,false,801.0,605.1,190.6,114.9
2026-10-09T14:43:56Z,false,811.0,605.1,190.6,114.9
2026-10-09T14:44:06Z,false,821.0,605.1,190.6,114.9
2026-10-09T14:44:16Z,false,831.0,605.1,190.6,114.9
2026-10-09T14:44:26Z,false,799.1,605.1,190.6,114.9
2026-10-09T14:44:36Z,false,772.5,605.1,190.6,114.9
2026-10-09T14:44:46Z,false,763.4,605.1,190.6,114.9
2026-10-09T14:44:56Z,false,750.1,605.1,190.6,114.9
2026-10-09T14:45:06Z,false,739.8,605.1,190.6,114.9
2026-10-09T14:45:16Z,false,722.8,605.1,190.6,114.9
2026-10-09T14:45:26Z,false,701.3,605.1,190.6,114.9
2026-10-09T14:45:36Z,false,691.7,605.1,190.6,114.9
2026-10-09T14:45:46Z,false,671.8,605.1,190.6,114.9
2026-10-09T14:45:56Z,true,661.3,605.2,190.6,114.9
2026-10-09T14:46:06Z,true,662.6,607.0,190.6,115.0
2026-10-09T14:46:16Z,true,660.6,608.4,190.6,115.0
2026-10-09T14:46:26Z,true,660.5,610.6,190.7,115.0
2026-10-09T14:46:36Z,true,659.4,612.2,190.7,115.0
2026-10-09T14:46:46Z,true,659.8,615.2,190.8,115.0
2026-10-09T14:46:56Z,true,659.6,618.1,190.9,115.0
2026-10-09T14:47:06Z,true,659.0,619.5,190.9,115.0
2026-10-09T14:47:16Z,true,659.5,620.9,190.9,115.0
2026-10-09T14:47:26Z,true,659.1,623.2,191.0,115.0
2026-10-09T14:47:36Z,true,660.2,625.1,191.0,115.0
2026-10-09T14:47:46Z,true,659.2,626.5,191.0,115.0
2026-10-09T14:47:56Z,true,660.4,626.9,191.1,115.0
2026-10-09T14:48:06Z,true,660.5,627.4,191.1,115.0
2026-10-09T14:48:16Z,true,660.4,628.6,191.1,115.0
2026-10-09T14:48:26Z,true,658.9,630.8,191.1,115.0
2026-10-09T14:48:36Z,true,659.3,632.6,191.2,115.0
2026-10-09T14:48:46Z,true,660.0,634.1,191.2,115.0
2026-10-09T14:48:56Z,true,661.0,635.9,191.2,115.0
2026-10-09T14:49:06Z,true,661.0,638.2,191.3,115.0
2026-10-09T14:49:16Z,true,661.1,639.1,191.3,115.0
2026-10-09T14:49:26Z,false,661.4,640.7,191.3,115.0
2026-10-09T14:49:36Z,true,660.6,643.5,191.4,115.0
2026-10-09T14:49:46Z,true,660.7,645.9,191.4,115.0
2026-10-09T14:49:56Z,true,659.3,647.3,191.5,115.0
2026-10-09T14:50:06Z,true,659.6,649.5,191.5,115.0
2026-10-09T14:50:16Z,true,658.6,650.8,191.5,115.0
2026-10-09T14:50:26Z,true,658.9,652.5,191.6,115.0
2026-10-09T14:50:36Z,true,658.9,653.9,191.6,115.0
2026-10-09T14:50:46Z,true,659.5,655.8,191.6,115.0
2026-10-09T14:50:56Z,true,661.0,657.7,191.7,115.0
2026-10-09T14:51:06Z,false,662.1,659.7,191.7,115.0
2026-10-09T14:51:16Z,false,663.0,660.9,191.7,115.0
2026-10-09T14:51:26Z,true,652.0,661.8,191.7,115.0
2026-10-09T14:51:36Z,true,652.2,664.4,191.8,115.0
2026-10-09T14:51:46Z,true,651.9,666.9,191.8,115.0
2026-10-09T14:51:56Z,false,661.9,669.4,191.9,115.0
2026-10-09T14:52:06Z,true,651.2,671.4,191.9,115.0
2026-10-09T14:52:16Z,false,661.2,672.6,191.9,115.0
2026-10-09T14:52:26Z,false,671.2,672.7,191.9,115.0
2026-10-09T14:52:36Z,false,681.1,672.7,191.9,115.0
2026-10-09T14:52:46Z,false,691.1,672.7,191.9,115.0
2026-10-09T14:52:56Z,false,701.1,672.7,191.9,115.0
2026-10-09T14:53:06Z,false,711.2,672.7,191.9,115.0
2026-10-09T14:53:16Z,false,721.1,672.7,191.9,115.0
2026-10-09T14:53:26Z,false,731.1,672.7,191.9,115.0
2026-10-09T14:53:36Z,false,741.2,672.7,191.9,115.0
2026-10-09T14:53:46Z,false,751.1,672.7,191.9,115.0
2026-10-09T14:53:56Z,false,761.1,672.7,191.9,115.0
2026-10-09T14:54:06Z,false,771.2,672.7,191.9,115.0
2026-10-09T14:54:16Z,false,781.2,672.7,191.9,115.0
2026-10-09T14:54:26Z,false,791.2,672.7,191.9,115.0
2026-10-09T14:54:36Z,false,801.2,672.7,191.9,115.0
2026-10-09T14:54:46Z,false,811.2,672.7,191.9,115.0
2026-10-09T14:54:56Z,false,821.2,672.7,191.9,115.0
2026-10-09T14:55:06Z,false,831.2,672.7,191.9,115.0
2026-10-09T14:55:16Z,false,841.2,672.7,191.9,115.0
2026-10-09T14:55:26Z,false,851.1,672.7,191.9,115.0
2026-10-09T14:55:36Z,false,832.7,672.7,191.9,115.0
2026-10-09T14:55:46Z,false,812.3,672.7,191.9,115.0
2026-10-09T14:55:56Z,false,816.2,672.7,191.9,115.0
2026-10-09T14:56:06Z,false,811.6,672.7,191.9,115.0
2026-10-09T14:56:16Z,false,817.4,672.7,191.9,115.0
2026-10-09T14:56:26Z,false,805.9,672.7,191.9,115.0
2026-10-09T14:56:36Z,false,790.8,672.7,191.9,115.0
2026-10-09T14:56:46Z,false,784.5,672.7,191.9,115.0
2026-10-09T14:56:56Z,false,765.9,672.7,191.9,115.0
2026-10-09T14:57:06Z,false,757.1,672.7,191.9,115.0
2026-10-09T14:57:16Z,false,736.3,672.7,191.9,115.0
2026-10-09T14:57:26Z,false,725.6,672.7,191.9,115.0
2026-10-09T14:57:36Z,false,716.2,672.7,191.9,115.0
2026-10-09T14:57:46Z,false,687.7,672.7,191.9,115.0
2026-10-09T14:57:56Z,false,669.2,672.7,191.9,115.0
2026-10-09T14:58:06Z,true,660.6,673.0,191.9,115.0
2026-10-09T14:58:16Z,true,659.7,673.8,191.9,115.0
2026-10-09T14:58:26Z,true,659.7,674.3,192.0,115.0
2026-10-09T14:58:36Z,true,658.0,675.3,192.0,115.1
2026-10-09T14:58:46Z,true,657.7,676.0,192.0,115.1
2026-10-09T14:58:56Z,true,657.2,676.9,192.0,115.1
2026-10-09T14:59:06Z,true,657.9,677.7,192.0,115.1
2026-10-09T14:59:16Z,true,657.6,678.6,192.0,115.1
2026-10-09T14:59:26Z,true,656.2,679.5,192.0,115.1
2026-10-09T14:59:36Z,true,657.1,680.8,192.1,115.1
2026-10-09T14:59:46Z,true,656.8,681.4,192.1,115.1
2026-10-09T14:59:56Z,true,657.7,682.6,192.1,115.1
2026-10-09T15:00:06Z,true,657.7,684.1,192.1,115.1
2026-10-09T15:00:16Z,true,657.7,684.5,192.1,115.1
2026-10-09T15:00:26Z,true,656.7,686.0,192.2,115.1
2026-10-09T15:00:36Z,true,656.6,688.3,192.2,115.1
2026-10-09T15:00:46Z,true,658.0,690.3,192.2,115.1
2026-10-09T15:00:56Z,true,658.5,692.0,192.3,115.1
2026-10-09T15:01:06Z,true,658.2,693.9,192.3,115.1
2026-10-09T15:01:16Z,true,658.9,694.8,192.3,115.1
2026-10-09T15:01:26Z,true,658.3,696.9,192.3,115.1
2026-10-09T15:01:36Z,true,659.4,698.3,192.4,115.1
2026-10-09T15:01:46Z,true,659.8,700.2,192.4,115.1
2026-10-09T15:01:56Z,true,660.1,701.0,192.4,115.1
2026-10-09T15:02:06Z,false,662.7,701.8,192.4,115.1
2026-10-09T15:02:16Z,false,662.1,702.9,192.4,115.1
2026-10-09T15:02:26Z,true,661.1,704.1,192.4,115.1
2026-10-09T15:02:36Z,false,661.9,705.4,192.5,115.1
2026-10-09T15:02:46Z,false,662.3,706.8,192.5,115.1
2026-10-09T15:02:56Z,true,651.8,708.8,192.5,115.1
2026-10-09T15:03:06Z,true,656.4,709.8,192.5,115.1
2026-10-09T15:03:16Z,false,666.4,709.8,192.5,115.1
2026-10-09T15:03:26Z,false,676.4,709.8,192.5,115.1
2026-10-09T15:03:36Z,false,686.4,709.8,192.5,115.1
2026-10-09T15:03:46Z,false,696.4,709.8,192.5,115.1
2026-10-09T15:03:56Z,false,706.4,709.8,192.5,115.1
2026-10-09T15:04:06Z,false,716.2,709.8,192.5,115.1
2026-10-09T15:04:16Z,false,726.2,709.8,192.5,115.1
2026-10-09T15:04:26Z,false,736.2,709.8,192.5,115.1
2026-10-09T15:04:36Z,false,746.2,709.8,192.5,115.1
2026-10-09T15:04:46Z,false,756.2,709.8,192.5,115.1
2026-10-09T15:04:56Z,false,766.3,709.8,192.5,115.1
2026-10-09T15:05:06Z,false,776.2,709.8,192.5,115.1
2026-10-09T15:05:16Z,false,786.2,709.8,192.5,115.1
2026-10-09T15:05:26Z,false,796.2,709.8,192.5,115.1
2026-10-09T15:05:36Z,false,806.2,709.8,192.5,115.1
2026-10-09T15:05:46Z,false,816.2,709.8,192.5,115.1
2026-10-09T15:05:56Z,false,826.2,709.8,192.5,115.1
2026-10-09T15:06:06Z,false,836.3,709.8,192.5,115.1
2026-10-09T15:06:16Z,false,846.2,709.8,192.5,115.1
2026-10-09T15:06:26Z,false,856.2,709.8,192.5,115.1
2026-10-09T15:06:36Z,false,845.6,709.8,192.5,115.1
2026-10-09T15:06:46Z,false,840.2,709.8,192.5,115.1
2026-10-09T15:06:56Z,false,821.3,709.8,192.5,115.1
2026-10-09T15:07:06Z,false,809.8,709.8,192.5,115.1
2026-10-09T15:07:16Z,false,789.3,709.8,192.5,115.1
2026-10-09T15:07:26Z,false,780.4,709.8,192.5,115.1
2026-10-09T15:07:36Z,false,759.7,709.8,192.5,115.1
2026-10-09T15:07:46Z,false,749.6,709.8,192.5,115.1
2026-10-09T15:07:56Z,false,732.9,709.8,192.5,115.1
2026-10-09T15:08:06Z,false,713.5,709.8,192.5,115.1
2026-10-09T15:08:16Z,false,692.1,709.8,192.5,115.1
2026-10-09T15:08:26Z,false,666.3,709.8,192.5,115.1
2026-10-09T15:08:36Z,false,667.5,710.2,192.5,115.1
2026-10-09T15:08:46Z,false,667.5,710.2,192.5,115.1
2026-10-09T15:08:56Z,false,667.7,710.5,192.5,115.1
2026-10-09T15:09:06Z,true,661.0,710.7,192.5,115.1
2026-10-09T15:09:16Z,false,662.4,711.1,192.5,115.1
2026-10-09T15:09:26Z,false,662.9,711.8,192.6,115.1
2026-10-09T15:09:36Z,false,661.4,712.1,192.6,115.1
2026-10-09T15:09:46Z,true,661.1,713.0,192.6,115.1
2026-10-09T15:09:56Z,false,661.5,714.2,192.6,115.1
2026-10-09T15:10:06Z,false,662.2,715.1,192.6,115.1
2026-10-09T15:10:16Z,false,663.6,715.4,192.6,115.1
2026-10-09T15:10:26Z,false,664.1,715.8,192.6,115.1
2026-10-09T15:10:36Z,true,653.9,716.7,192.6,115.1
2026-10-09T15:10:46Z,true,654.7,717.3,192.6,115.1
2026-10-09T15:10:56Z,true,653.4,718.2,192.6,115.1
2026-10-09T15:11:06Z,false,663.4,718.7,192.7,115.1
2026-10-09T15:11:16Z,false,665.2,719.5,192.7,115.1
2026-10-09T15:11:26Z,true,656.6,720.1,192.7,115.1
2026-10-09T15:11:36Z,true,656.3,721.0,192.7,115.1
2026-10-09T15:11:46Z,true,656.7,721.4,192.7,115.1
2026-10-09T15:11:56Z,true,658.1,723.2,192.7,115.1
2026-10-09T15:12:06Z,true,659.6,724.4,192.7,115.1
2026-10-09T15:12:16Z,true,659.6,724.8,192.7,115.1
2026-10-09T15:12:26Z,true,660.2,725.4,192.8,115.1
2026-10-09T15:12:36Z,false,661.9,726.0,192.8,115.1
2026-10-09T15:12:46Z,false,662.3,726.9,192.8,115.1
2026-10-09T15:12:56Z,false,662.2,727.5,192.8,115.1
2026-10-09T15:13:06Z,true,653.2,728.2,192.8,115.1
2026-10-09T15:13:16Z,true,652.0,728.4,192.8,115.1
2026-10-09T15:13:26Z,false,662.1,728.6,192.8,115.1
2026-10-09T15:13:36Z,false,663.6,728.6,192.8,115.1
2026-10-09T15:13:46Z,true,654.9,728.8,192.8,115.1
2026-10-09T15:13:56Z,true,657.7,729.0,192.8,115.1
2026-10-09T15:14:06Z,false,667.7,729.1,192.8,115.1
2026-10-09T15:14:16Z,false,677.7,729.1,192.8,115.1
2026-10-09T15:14:26Z,false,687.7,729.1,192.8,115.1
2026-10-09T15:14:36Z,false,697.8,729.1,192.8,115.1
2026-10-09T15:14:46Z,false,707.8,729.1,192.8,115.1
2026-10-09T15:14:56Z,false,717.8,729.1,192.8,115.1
2026-10-09T15:15:06Z,false,727.8,729.1,192.8,115.1
2026-10-09T15:15:16Z,false,737.7,729.1,192.8,115.1
2026-10-09T15:15:26Z,false,747.7,729.1,192.8,115.1
2026-10-09T15:15:36Z,false,757.7,729.1,192.8,115.1
2026-10-09T15:15:46Z,false,767.7,729.1,192.8,115.1
2026-10-09T15:15:56Z,false,777.8,729.1,192.8,115.1
2026-10-09T15:16:06Z,false,787.8,729.1,192.8,115.1
2026-10-09T15:16:16Z,false,797.8,729.1,192.8,115.1
2026-10-09T15:16:26Z,false,807.7,729.1,192.8,115.1
2026-10-09T15:16:36Z,false,817.7,729.1,192.8,115.1
2026-10-09T15:16:46Z,false,827.8,729.1,192.8,115.1
2026-10-09T15:16:56Z,false,837.7,729.1,192.8,115.1
2026-10-09T15:17:06Z,false,847.8,729.1,192.8,115.1
2026-10-09T15:17:16Z,false,857.8,729.1,192.8,115.1
2026-10-09T15:17:26Z,false,865.6,729.1,192.8,115.1
2026-10-09T15:17:36Z,false,839.4,729.1,192.8,115.1
2026-10-09T15:17:46Z,false,824.6,729.1,192.8,115.1
2026-10-09T15:17:56Z,false,802.2,729.1,192.8,115.1
2026-10-09T15:18:06Z,false,783.7,729.1,192.8,115.1
2026-10-09T15:18:16Z,false,766.2,729.1,192.8,115.1
2026-10-09T15:18:26Z,false,756.0,729.1,192.8,115.1
2026-10-09T15:18:36Z,false,737.9,729.1,192.8,115.1
2026-10-09T15:18:46Z,false,729.9,729.1,192.8,115.1
2026-10-09T15:18:56Z,false,730.6,729.1,192.8,115.1
2026-10-09T15:19:06Z,false,732.0,729.1,192.8,115.1
2026-10-09T15:19:16Z,false,709.4,729.1,192.8,115.1
2026-10-09T15:19:26Z,false,692.3,729.1,192.8,115.1
2026-10-09T15:19:36Z,false,683.4,729.1,192.8,115.1
2026-10-09T15:19:46Z,false,676.2,729.1,192.8,115.1
2026-10-09T15:19:56Z,false,667.4,729.1,192.8,115.1
2026-10-09T15:20:06Z,false,655.0,729.2,192.8,115.1
2026-10-09T15:20:16Z,false,665.0,729.7,192.8,115.1
2026-10-09T15:20:26Z,false,665.5,730.0,192.8,115.1
2026-10-09T15:20:36Z,true,655.7,730.4,192.8,115.1
2026-10-09T15:20:46Z,true,655.4,731.1,192.8,115.1
2026-10-09T15:20:56Z,true,655.6,731.5,192.8,115.1
2026-10-09T15:21:06Z,true,656.4,731.5,192.8,115.1
2026-10-09T15:21:16Z,true,657.2,731.9,192.8,115.1
2026-10-09T15:21:26Z,true,658.7,732.3,192.8,115.1
2026-10-09T15:21:36Z,true,659.6,732.5,192.8,115.1
2026-10-09T15:21:46Z,true,660.4,733.0,192.9,115.1
2026-10-09T15:21:56Z,true,660.1,733.8,192.9,115.1
2026-10-09T15:22:06Z,false,661.4,734.2,192.9,115.1
2026-10-09T15:22:16Z,false,661.9,735.1,192.9,115.1
2026-10-09T15:22:26Z,false,661.8,736.1,192.9,115.1
2026-10-09T15:22:36Z,false,662.0,737.4,192.9,115.1
2026-10-09T15:22:46Z,false,661.2,738.5,192.9,115.1
2026-10-09T15:22:56Z,true,660.7,739.9,192.9,115.1
2026-10-09T15:23:06Z,true,660.4,741.3,193.0,115.1
2026-10-09T15:23:16Z,true,660.7,742.5,193.0,115.1
2026-10-09T15:23:26Z,false,661.4,743.4,193.0,115.1
2026-10-09T15:23:36Z,true,655.3,744.1,193.0,115.1
2026-10-09T15:23:46Z,true,655.9,745.2,193.0,115.1
2026-10-09T15:23:56Z,true,656.8,746.5,193.0,115.1
2026-10-09T15:24:06Z,true,657.8,747.4,193.0,115.1
2026-10-09T15:24:16Z,true,658.4,747.7,193.0,115.1
2026-10-09T15:24:26Z,true,659.6,747.7,193.0,115.1
2026-10-09T15:24:36Z,true,659.7,748.3,193.1,115.1
2026-10-09T15:24:46Z,true,658.7,749.7,193.1,115.1
2026-10-09T15:24:56Z,false,661.5,750.5,193.1,115.1
2026-10-09T15:25:06Z,false,671.3,750.5,193.1,115.1
2026-10-09T15:25:16Z,false,681.4,750.5,193.1,115.1
2026-10-09T15:25:26Z,false,691.3,750.5,193.1,115.1
2026-10-09T15:25:36Z,false,701.5,750.5,193.1,115.1
2026-10-09T15:25:46Z,false,711.3,750.5,193.1,115.1
2026-10-09T15:25:56Z,false,721.3,750.5,193.1,115.1
2026-10-09T15:26:06Z,false,731.3,750.5,193.1,115.1
2026-10-09T15:26:16Z,false,741.3,750.5,193.1,115.1
2026-10-09T15:26:26Z,false,751.3,750.5,193.1,115.1
2026-10-09T15:26:36Z,false,761.3,750.5,193.1,115.1
2026-10-09T15:26:46Z,false,771.4,750.5,193.1,115.1
2026-10-09T15:26:56Z,false,781.3,750.5,193.1,115.1
2026-10-09T15:27:06Z,false,791.3,750.5,193.1,115.1
2026-10-09T15:27:16Z,false,801.3,750.5,193.1,115.1
2026-10-09T15:27:26Z,false,811.3,750.5,193.1,115.1
2026-10-09T15:27:36Z,false,821.3,750.5,193.1,115.1
2026-10-09T15:27:46Z,false,831.3,750.5,193.1,115.1
2026-10-09T15:27:56Z,false,841.3,750.5,193.1,115.1
2026-10-09T15:28:06Z,false,851.3,750.5,193.1,115.1
2026-10-09T15:28:16Z,false,861.3,750.5,193.1,115.1
2026-10-09T15:28:26Z,false,868.3,750.5,193.1,115.1
2026-10-09T15:28:36Z,false,852.0,750.5,193.1,115.1
2026-10-09T15:28:46Z,false,845.0,750.5,193.1,115.1
2026-10-09T15:28:56Z,false,825.3,750.5,193.1,115.1
2026-10-09T15:29:06Z,false,815.9,750.5,193.1,115.1
2026-10-09T15:29:16Z,false,806.5,750.5,193.1,115.1
2026-10-09T15:29:26Z,false,776.0,750.5,193.1,115.1
2026-10-09T15:29:36Z,false,767.8,750.5,193.1,115.1
2026-10-09T15:29:46Z,false,756.2,750.5,193.1,115.1
2026-10-09T15:29:56Z,false,747.5,750.5,193.1,115.1
