window,start,end,target_tx_s,fees,miners,bot_sub_tx_s,bot_acc_tx_s,mempool_max,lag_max_s,bot_blocks_s,keel_daa_s,eval
C-base-60,12:40:26,12:44:30,60,fixed,4,60.1,60.5,36251,20.0,4.2,10.83,
C-100,12:44:30,12:48:38,100,fixed,4,100.0,99.1,39842,31.4,3.82,10.1,"{""ok"": false, ""eventual_pct"": 100, ""p50"": 6.17, ""p90"": 23.38}"
B-fixed-1,12:49:23,12:59:26,60,fixed,4,60.0,58.9,30787,37.6,2.87,9.21,
B-quote-1,12:59:26,13:09:28,60,quote,4,60.1,57.9,32852,90.3,1.16,7.67,
A-miners1,13:09:28,13:19:31,60,fixed,1,60.0,58.8,24997,93.0,0.3,7.13,
A-miners4-back,13:19:31,13:20:32,60,fixed,4,0.0,0.0,19818,125.6,0.0,,
A-miners4-back-half,13:20:32,13:20:38,30,fixed,4,0.0,0.0,19818,125.6,0.0,,
A-miners4-back-half-half,13:20:38,13:29:31,15,fixed,4,15.0,19.2,49914,277.6,0.15,4.99,
B-quote-2,13:29:31,13:29:59,15,quote,4,0.0,0.0,29802,307.7,0.0,,
