run,step,start_utc,end_utc,runners,target_tx_s,submitted_tx_s,accepted_tx_s,accept_pct,rejects,keel_mempool_peak,lag_max_s,new_rule_eventual_pct,new_rule_p50_s,new_rule_p90_s,old_rule_min60_pct,note
keel,R1x20,09:37:54,09:40:59,1,20,20,20,100.1,0,59,0.8,,,,,
keel,R2x20,09:40:59,09:43:59,2,40,40,40.2,100.5,0,74,0.8,,,,,
keel,R3x20,09:43:59,09:48:59,3,60,60,61.7,102.7,0,3185,2.7,,,,,
keel,R6x20,09:48:59,09:54:01,6,120,120,120.6,100.5,0,26158,14,,,,,
keel,R6x40,09:54:01,09:56:08,6,240,240,224.4,93.5,0,29628,7.2,,,,,LIMIT: node/network-bound(accept behind)
keel,R6x20-HOLD,09:56:08,09:59:22,6,120,111.3,111.8,100.5,8509,36628,2.2,,,,,terminal: all runners exited on their own (see sender-*.out)
keel2,R6x20,10:33:42,10:35:46,6,120,120,113.3,94.4,18,40307,11.3,,,,,LIMIT: node/network-bound(accept behind)
keel2,R1x10-HOLD,10:35:46,10:40:46,6,60,60,59.8,99.8,6,32106,11.9,,,,,confirm 5 min
keel2,R1x10-HOLD2,10:40:46,10:53:15,6,60,41.8,30.5,72.9,0,121039,315.7,,,,,terminal: keel lag 304.4s > 300
keel3,R1x20,11:03:15,11:05:39,1,20,20,19.3,96.5,0,16354,7.9,,,,,LIMIT: node/network-bound(accept behind)
keel3,R1x10-HOLD,11:05:39,11:07:41,1,10,8.4,8.3,98.6,688,24121,7,,,,,terminal: all runners exited on their own (see sender-*.out)
keel4,R6x10,11:08:48,11:10:51,6,60,62.9,32.5,51.7,0,20778,34.6,85.71,28.8,inf,33.8,LIMIT: node/network-bound(late/missing accepts)
keel4,R6x5-HOLD,11:10:51,11:15:55,6,30,30,32.2,107.2,0,24353,58.3,100,1.05,2.21,,confirm 5 min
keel4,R15x2-HOLD,11:23:04,11:28:06,15,30,30,30,99.9,0,27123,6.1,100,1.24,2.25,,confirm 5 min
keel4,R15x4,11:34:51,11:37:56,15,60,60.2,53.6,88.9,0,36361,16.4,100,3.39,8.66,80.4,
keel4,R15x8,11:37:56,11:39:57,15,120,120.2,162.9,135.5,0,43331,41.9,100,8.08,16.71,70.4,LIMIT: node/network-bound(late/missing accepts)
keel4,R15x4-HOLD,11:39:57,11:45:00,15,60,59.8,64,107.1,0,25455,19.8,100,1.92,7.13,,confirm 5 min
