t_start,window_s,blocks,blocks_s,daa_per_s,avg_tx_per_block,max_tx_per_block,tx_slots_s,unique_in_blocks_s,dup_share_in_blocks,unique_accepted_s,dup_share_vs_accepted,our_blocks,our_block_share,mempool
2026-10-09T12:29:10.987Z,60,670,11.17,10.28,338.6,435,3781.1,1964.4,0.4805,1857.5,0.5087,241,0.3597,21000
2026-10-09T12:52:31.953Z,60,510,8.5,6.22,322.3,424,2739.6,1889,0.3105,1209.9,0.5584,104,0.2039,23274
2026-10-09T12:55:00.126Z,60,515,8.58,12.7,353.5,472,3034.6,1549.4,0.4894,1482.5,0.5115,182,0.3534,18375
2026-10-09T13:00:00.229Z,60,414,6.9,13.37,316.3,479,2182.2,1853.1,0.1508,1984.6,0.0906,16,0.0386,12351
2026-10-09T13:05:00.127Z,60,422,7.03,5.68,311.9,350,2193.4,1873.1,0.146,995.5,0.5461,0,0,28995
2026-10-09T13:10:01.249Z,60,396,6.6,12.03,317.6,691,2095.8,1828.3,0.1276,2247.1,-0.0722,7,0.0177,14419
2026-10-09T13:15:00.091Z,60,437,7.28,8.87,310.4,599,2260.8,1827.3,0.1918,1563,0.3086,20,0.0458,16139
2026-10-09T13:20:00.089Z,60,431,7.18,4.68,305.8,325,2196.2,1976.9,0.0998,921.2,0.5805,0,0,29033
2026-10-09T13:25:00.658Z,60,426,7.1,0,303,314,2151,1910.3,0.1119,0,1,0,0,23789
2026-10-09T13:30:00.091Z,60,447,7.45,0,301.5,309,2246.3,2007.2,0.1064,0,1,0,0,29802
2026-10-09T13:35:00.091Z,60,428,7.13,0,302.1,307,2155.1,1827.3,0.1521,0,1,0,0,32695
2026-10-09T13:40:00.089Z,60,427,7.12,54.75,301.5,307,2145.4,1867.4,0.1296,7583.4,-2.5348,0,0,5735
2026-10-09T13:45:00.097Z,60,0,0,0,0,0,0,0,1,0,1,0,0,5735
2026-10-09T13:50:00.110Z,60,0,0,0,0,0,0,0,1,0,1,0,0,8211
2026-10-09T13:55:00.091Z,60,0,0,12.25,0,0,0,0,1,2252.2,-2251.2144,0,0,8211
2026-10-09T14:00:00.096Z,60,0,0,0,0,0,0,0,1,0,1,0,0,8211
2026-10-09T14:05:00.110Z,60,0,0,11.55,0,0,0,0,1,1890.9,-1889.8847,0,0,8211
2026-10-09T14:10:00.092Z,60,0,0,0,0,0,0,0,1,0,1,0,0,8211
2026-10-09T14:15:00.094Z,60,0,0,13.2,0,0,0,0,1,2286.4,-2285.4017,0,0,8211
2026-10-09T14:20:00.090Z,60,0,0,0,0,0,0,0,1,0,1,0,0,8211
2026-10-09T14:25:00.120Z,60,0,0,14.85,0,0,0,0,1,2649.2,-2648.1507,0,0,8211
2026-10-09T14:30:00.130Z,60,0,0,6.6,0,0,0,0,1,1149,-1148.033,0,0,8211
2026-10-09T14:35:00.091Z,60,0,0,13.2,0,0,0,0,1,2361.5,-2360.5382,0,0,8211
2026-10-09T14:40:00.094Z,60,0,0,13.62,0,0,0,0,1,2504.1,-2503.0585,0,0,8211
2026-10-09T14:45:00.099Z,60,0,0,28.03,0,0,0,0,1,4817.7,-4816.7446,0,0,8211
2026-10-09T14:50:00.114Z,60,0,0,16.5,0,0,0,0,1,2611.1,-2610.1359,0,0,8211
2026-10-09T14:55:00.090Z,60,0,0,17.17,0,0,0,0,1,3025.1,-3024.0926,0,0,8211
2026-10-09T15:00:00.104Z,60,0,0,14.85,0,0,0,0,1,2616.1,-2615.0932,0,0,8211
2026-10-09T15:05:00.126Z,60,0,0,0,0,0,0,0,1,0,1,0,0,8211
