t_start,blocks,blocks_s,daa_per_s,avg_tx_per_block,max_tx_per_block,tx_slots_s,unique_in_blocks_s,dup_share_in_blocks,unique_accepted_s,vcc_span_s,window_unique_ids_accepted_pct,ids_only_in_red_blocks,ids_only_in_red_and_accepted,our_blocks,our_block_share,mempool,blocks_chain,blocks_blue,blocks_red,blocks_unmerged,slots_chain,slots_blue,slots_red,slots_unmerged
2026-10-09T12:52:31.953Z,510,8.5,6.22,322.3,424,2739.6,1889,0.3105,1209.9,,59.47,0,0,104,0.2039,23274,151,152,2,205,47252,48627,810,67684
2026-10-09T12:55:00.126Z,515,8.58,12.7,353.5,472,3034.6,1549.4,0.4894,1482.5,85,100,1076,1076,182,0.3534,18375,211,143,155,6,66143,48898,65215,1818
2026-10-09T13:00:00.229Z,414,6.9,13.37,316.3,479,2182.2,1853.1,0.1508,1984.6,85,100,0,0,16,0.0386,12351,254,144,15,1,78563,44728,7176,478
2026-10-09T13:05:00.127Z,422,7.03,5.68,311.9,350,2193.4,1873.1,0.146,995.5,85,8.65,0,0,0,0,28995,22,12,0,388,6859,3740,0,121005
2026-10-09T13:10:01.249Z,396,6.6,12.03,317.6,691,2095.8,1828.3,0.1276,2247.1,85,97.11,0,0,7,0.0177,14419,244,135,6,11,76048,41844,4146,3714
2026-10-09T13:15:00.091Z,437,7.28,8.87,310.4,599,2260.8,1827.3,0.1918,1563,85,84.06,224,224,20,0.0458,16139,199,150,9,79,61349,46309,3579,24413
2026-10-09T13:20:00.089Z,431,7.18,4.68,305.8,325,2196.2,1976.9,0.0998,921.2,85,0,0,0,0,0,29033,0,0,0,431,0,0,0,131801
2026-10-09T13:25:00.658Z,426,7.1,0,303,314,2151,1910.3,0.1119,0,85,0,0,0,0,0,23789,0,0,0,426,0,0,0,129065
2026-10-09T13:30:00.091Z,447,7.45,0,301.5,309,2246.3,2007.2,0.1064,0,85,0,0,0,0,0,29802,0,0,0,447,0,0,0,134779
2026-10-09T13:35:00.091Z,428,7.13,0,302.1,307,2155.1,1827.3,0.1521,0,85,0,0,0,0,0,32695,0,0,0,428,0,0,0,129307
2026-10-09T13:40:00.089Z,427,7.12,54.75,301.5,307,2145.4,1867.4,0.1296,7583.4,85,0,0,0,0,0,5735,0,0,0,427,0,0,0,128726
2026-10-09T13:45:00.097Z,0,0,0,0,0,0,0,1,0,85,0,0,0,0,0,5735,0,0,0,0,0,0,0,0
2026-10-09T13:50:00.110Z,0,0,0,0,0,0,0,1,0,85,0,0,0,0,0,8211,0,0,0,0,0,0,0,0
2026-10-09T13:55:00.091Z,0,0,12.25,0,0,0,0,1,2252.2,85,0,0,0,0,0,8211,0,0,0,0,0,0,0,0
2026-10-09T14:00:00.096Z,0,0,0,0,0,0,0,1,0,85,0,0,0,0,0,8211,0,0,0,0,0,0,0,0
