t,public_daa_s,keel_daa_s,keel_gap_daa,keel_sink_lag_s,public_cf
2026-10-09T13:27:03.739Z,,,1635,227.5,HIT
2026-10-09T13:28:03.739Z,6.5,12.58,1270,190.9,HIT
2026-10-09T13:29:03.740Z,9.65,0,1849,247,HIT
2026-10-09T13:30:03.740Z,8.13,0,2337,307,HIT
2026-10-09T13:31:03.741Z,7.4,0,2781,367,HIT
2026-10-09T13:32:03.746Z,7.52,0,3232,427,HIT
2026-10-09T13:33:03.748Z,7.55,0,3685,487,HIT
2026-10-09T13:34:03.753Z,7.7,0,4147,547,HIT
2026-10-09T13:35:03.759Z,7.95,21.11,3357,434.8,HIT
2026-10-09T13:36:03.765Z,8.13,0,3845,494.7,HIT
2026-10-09T13:37:03.769Z,7.75,0,4310,554.8,HIT
2026-10-09T13:38:03.772Z,9.13,0,4858,614.8,HIT
2026-10-09T13:39:03.776Z,7.98,0,5337,674.8,HIT
2026-10-09T13:40:03.780Z,8.25,0,5832,734.8,HIT
2026-10-09T13:41:03.781Z,8.43,54.75,3053,377.1,HIT
2026-10-09T13:42:03.785Z,8.58,0,3568,437.1,HIT
2026-10-09T13:43:03.789Z,,0,,512,
2026-10-09T13:44:03.794Z,,0,4547,557.1,HIT
2026-10-09T13:45:03.795Z,8.83,0,5077,617.2,HIT
2026-10-09T13:46:03.797Z,8.95,0,5614,677.1,HIT
2026-10-09T13:47:03.800Z,9.02,49.1,3209,374.4,HIT
2026-10-09T13:48:03.805Z,7.63,0,3667,434.4,HIT
2026-10-09T13:49:03.809Z,9.35,23.67,2808,327.8,HIT
2026-10-09T13:50:03.812Z,9.52,0,3379,387.8,HIT
2026-10-09T13:51:03.817Z,9.73,0,3963,447.8,HIT
2026-10-09T13:52:03.821Z,9.93,0,4559,507.7,HIT
2026-10-09T13:53:03.824Z,7.82,3.32,4829,544.1,HIT
2026-10-09T13:54:03.828Z,9,6.6,4973,556.5,HIT
2026-10-09T13:55:03.832Z,9.25,4.45,5261,586,HIT
2026-10-09T13:56:03.836Z,9.73,12.05,5122,564.5,HIT
2026-10-09T13:57:03.841Z,9.4,3.3,5488,602.5,HIT
2026-10-09T13:58:03.844Z,8.67,10.42,5383,592.9,HIT
2026-10-09T13:59:03.845Z,9.9,0,5977,652.9,HIT
2026-10-09T14:00:03.846Z,9.52,0,6548,713,HIT
2026-10-09T14:01:03.849Z,10.45,0,7175,772.9,HIT
2026-10-09T14:02:03.854Z,12.05,13.2,7106,751.1,HIT
