minute_utc,coinbase_outputs_added,non_coinbase_added,removed
2026-10-09T12:25:00Z,534,0,276
2026-10-09T12:26:00Z,599,0,349
2026-10-09T12:27:00Z,670,0,397
2026-10-09T12:28:00Z,560,0,306
2026-10-09T12:29:00Z,421,0,205
2026-10-09T12:30:00Z,81,0,2
2026-10-09T12:31:00Z,370,0,162
2026-10-09T12:32:00Z,342,0,116
2026-10-09T12:33:00Z,560,0,319
2026-10-09T12:34:00Z,802,13,508
2026-10-09T12:35:00Z,598,0,340
2026-10-09T12:36:00Z,460,0,225
2026-10-09T12:37:00Z,362,0,141
2026-10-09T12:38:00Z,549,0,289
2026-10-09T12:39:00Z,584,0,315
2026-10-09T12:40:00Z,555,0,302
2026-10-09T12:41:00Z,608,0,360
2026-10-09T12:42:00Z,96,0,17
2026-10-09T12:43:00Z,589,0,351
2026-10-09T12:44:00Z,497,0,256
2026-10-09T12:45:00Z,680,0,425
2026-10-09T12:46:00Z,222,0,100
2026-10-09T12:47:00Z,38,0,4
2026-10-09T12:48:00Z,487,0,268
2026-10-09T12:49:00Z,423,0,256
2026-10-09T12:50:00Z,212,0,105
2026-10-09T12:51:00Z,338,0,128
2026-10-09T12:52:00Z,442,0,232
2026-10-09T12:53:00Z,131,0,29
2026-10-09T12:54:00Z,3,0,0
2026-10-09T12:55:00Z,10,0,0
2026-10-09T12:56:00Z,26,0,2
2026-10-09T12:57:00Z,0,0,0
2026-10-09T12:58:00Z,0,0,0
2026-10-09T12:59:00Z,0,0,0
2026-10-09T13:00:00Z,0,0,0
2026-10-09T13:01:00Z,0,0,0
2026-10-09T13:02:00Z,3,0,0
2026-10-09T13:03:00Z,0,0,0
2026-10-09T13:04:00Z,0,0,0
2026-10-09T13:05:00Z,0,0,0
2026-10-09T13:06:00Z,0,0,0
2026-10-09T13:07:00Z,0,0,0
2026-10-09T13:08:00Z,0,0,0
2026-10-09T13:09:00Z,0,0,0
2026-10-09T13:10:00Z,0,0,0
2026-10-09T13:11:00Z,0,0,0
2026-10-09T13:12:00Z,0,0,0
2026-10-09T13:13:00Z,0,0,0
2026-10-09T13:14:00Z,0,0,0
2026-10-09T13:15:00Z,0,0,0
2026-10-09T13:16:00Z,5,0,0
2026-10-09T13:17:00Z,0,0,0
2026-10-09T13:18:00Z,0,0,0
2026-10-09T13:19:00Z,0,0,0
2026-10-09T13:20:00Z,0,0,0
2026-10-09T13:21:00Z,0,0,0
2026-10-09T13:22:00Z,0,0,0
2026-10-09T13:23:00Z,0,0,0
2026-10-09T13:24:00Z,0,0,0
2026-10-09T13:25:00Z,0,0,0
2026-10-09T13:26:00Z,0,0,0
2026-10-09T13:27:00Z,0,0,0
2026-10-09T13:28:00Z,0,0,0
2026-10-09T13:29:00Z,0,0,0
2026-10-09T13:30:00Z,0,0,0
2026-10-09T13:31:00Z,0,0,0
2026-10-09T13:32:00Z,0,0,0
2026-10-09T13:33:00Z,0,0,0
2026-10-09T13:34:00Z,0,0,0
2026-10-09T13:35:00Z,0,0,0
2026-10-09T13:36:00Z,0,0,0
2026-10-09T13:37:00Z,0,0,0
2026-10-09T13:38:00Z,0,0,0
2026-10-09T13:39:00Z,0,0,0
2026-10-09T13:40:00Z,0,0,0
2026-10-09T13:41:00Z,0,0,0
2026-10-09T13:42:00Z,0,0,0
2026-10-09T13:43:00Z,0,0,0
2026-10-09T13:44:00Z,0,0,0
2026-10-09T13:45:00Z,0,0,0
2026-10-09T13:46:00Z,0,0,0
2026-10-09T13:47:00Z,0,0,0
2026-10-09T13:48:00Z,0,0,0
2026-10-09T13:49:00Z,0,0,0
2026-10-09T13:50:00Z,0,0,0
2026-10-09T13:51:00Z,0,0,0
2026-10-09T13:52:00Z,0,0,0
2026-10-09T13:53:00Z,0,0,0
2026-10-09T13:54:00Z,0,0,0
2026-10-09T13:55:00Z,0,0,0
2026-10-09T13:56:00Z,0,0,0
2026-10-09T13:57:00Z,0,0,1
2026-10-09T13:58:00Z,0,0,0
2026-10-09T13:59:00Z,0,0,0
2026-10-09T14:01:00Z,0,0,0
