step_or_group,tier,n,p50_s,p95_s,p99_s,worst_s,pct_over_30s,pct_over_60s
A-miners1,1.5x,18109,35.45,134.73,258.7,267.2,59.41,25.29
A-miners1,1x,18106,36.0,135.91,259.32,266.9,60.32,25.67
A-miners4-back,1.5x,1801,209.2,236.2,239.12,241.3,100.0,100.0
A-miners4-back,1x,1803,209.31,236.36,239.05,241.4,100.0,100.0
A-miners4-back-half,1.5x,98,176.63,180.07,181.68,181.7,100.0,100.0
A-miners4-back-half,1x,98,176.22,180.05,181.43,181.4,100.0,100.0
A-miners4-back-half-half,1.5x,1927,221.96,279.92,287.05,291.6,100.0,100.0
A-miners4-back-half-half,1x,1930,222.55,280.26,287.16,292.3,100.0,100.0
ALL,1.5x,226773,4.3,69.29,221.57,291.6,15.09,6.03
ALL,1x,226801,4.9,69.93,222.05,292.3,15.4,6.11
B-fixed-1,1.5x,18111,12.13,32.61,37.21,40.5,8.68,0.0
B-fixed-1,1x,18123,12.76,33.2,37.79,43.9,9.63,0.0
B-quote-1,1.5x,18048,41.96,88.6,98.49,103.6,65.26,28.68
B-quote-1,1x,18058,42.56,89.21,99.05,106.0,66.02,29.2
C-100,1.5x,14623,3.1,25.16,31.65,35.3,1.57,0.0
C-100,1x,14612,4.02,25.8,32.13,38.5,1.83,0.0
C-base-60,1.5x,7320,1.99,21.03,29.52,32.0,0.83,0.0
C-base-60,1x,7319,2.29,21.43,29.52,32.8,0.82,0.0
HOLD,1.5x,130422,2.18,21.34,37.92,53.0,2.32,0.0
HOLD,1x,130427,2.74,21.77,38.3,58.8,2.39,0.0
R15x4,1.5x,5422,2.31,38.75,46.1,48.5,6.79,0.0
R15x4,1x,5436,2.83,39.74,46.94,52.3,7.36,0.0
R15x8,1.5x,7293,12.64,35.58,38.11,39.9,14.18,0.0
R15x8,1x,7289,13.01,35.82,38.67,41.7,14.71,0.0
R6x10,1.5x,3599,24.12,56.63,61.76,63.3,43.51,2.45
R6x10,1x,3600,24.84,57.04,62.22,63.8,44.31,2.83
