t,http,resp_s,cf_cache,isSynced,db_blueScore,vc_blueScore,acc_age_s,acceptedTxBlockTimeDiff_ms,blueScoreDiff
2026-10-09T12:26:03.597Z,timeout,10.09,,,,,,,
2026-10-09T12:26:35.862Z,timeout,10.08,,,,,,,
2026-10-09T12:27:06.019Z,timeout,10.25,,,,,,,
2026-10-09T12:27:36.171Z,200,6.66,,True,,,,290,30
2026-10-09T12:27:47.581Z,200,0.32,STALE,True,580580059,580599295,2434.2,290,30
2026-10-09T12:28:18.409Z,200,0.55,STALE,True,580580059,580599592,2465.0,290,30
2026-10-09T12:28:37.671Z,200,0.3,STALE,True,580580059,580599776,2484.3,290,30
2026-10-09T12:29:07.699Z,200,4.11,STALE,True,580580059,580600213,2514.3,290,30
2026-10-09T12:29:38.599Z,200,0.49,STALE,True,580580059,580600419,2545.2,290,30
2026-10-09T12:30:08.954Z,200,0.88,STALE,True,580580059,580600709,2575.6,290,30
2026-10-09T12:30:39.808Z,200,0.34,STALE,True,580580059,580600900,2606.4,290,30
2026-10-09T12:31:10.740Z,200,0.6,STALE,True,580580059,580601168,2637.4,290,30
2026-10-09T12:31:40.783Z,200,0.92,STALE,True,580580059,580601429,2667.4,290,30
2026-10-09T12:32:11.557Z,200,8.88,STALE,True,580580059,580601728,2698.2,290,30
2026-10-09T12:32:41.951Z,200,0.56,STALE,True,580580059,580601907,2728.6,290,30
2026-10-09T12:33:12.591Z,200,0.73,STALE,True,580580059,580602236,2759.2,290,30
2026-10-09T12:33:43.033Z,200,0.8,STALE,True,580580059,580602513,2789.6,290,30
2026-10-09T12:34:13.406Z,200,0.65,STALE,True,580580059,580602821,2820.0,290,30
2026-10-09T12:34:43.541Z,200,1.03,STALE,True,580580059,580603113,2850.2,290,30
2026-10-09T12:35:14.303Z,200,3.93,STALE,True,580580059,580603476,2880.9,290,30
2026-10-09T12:35:45.217Z,200,0.86,STALE,True,580580059,580603787,2911.8,290,30
2026-10-09T12:36:15.233Z,200,18.73,STALE,True,580580059,580604246,2941.8,290,30
2026-10-09T12:36:45.557Z,200,0.53,STALE,True,580580059,580604417,2972.2,290,30
2026-10-09T12:37:15.661Z,200,0.83,STALE,True,580580059,580604671,3002.3,290,30
2026-10-09T12:37:45.817Z,200,2.53,STALE,True,580580059,580605045,3032.4,290,30
2026-10-09T12:38:16.426Z,200,0.76,STALE,True,580580059,580605350,3063.0,290,30
2026-10-09T12:38:47.228Z,200,0.53,STALE,True,580580059,580605632,3093.8,290,30
2026-10-09T12:39:17.619Z,200,0.86,STALE,True,580580059,580605923,3124.2,290,30
2026-10-09T12:39:47.720Z,200,15.95,STALE,True,580580059,580606479,3154.3,290,30
2026-10-09T12:40:18.233Z,200,0.44,STALE,True,580580059,580606600,3184.8,290,30
2026-10-09T12:40:48.578Z,200,6.43,STALE,True,580580059,580607019,3215.2,290,30
2026-10-09T12:41:18.830Z,200,0.96,STALE,True,580580059,580607216,3245.4,290,30
2026-10-09T12:41:49.494Z,200,0.7,STALE,True,580580059,580607596,3276.1,290,30
2026-10-09T12:42:20.493Z,200,0.79,STALE,True,580580059,580607772,3307.1,290,30
2026-10-09T12:42:51.435Z,200,17.87,STALE,True,580580059,580608192,3338.0,290,30
2026-10-09T12:43:22.059Z,200,0.86,STALE,True,580580059,580608400,3368.7,290,30
2026-10-09T12:43:52.665Z,200,0.76,STALE,True,580580059,580608751,3399.3,290,30
2026-10-09T12:44:23.340Z,200,0.51,STALE,True,580580059,580609093,3430.0,290,30
2026-10-09T12:44:53.640Z,200,0.79,STALE,True,580580059,580609357,3460.3,290,30
2026-10-09T12:45:24.005Z,200,0.58,STALE,True,580580059,580609487,3490.6,290,30
2026-10-09T12:45:54.345Z,200,15.69,STALE,True,580580059,580610133,3521.0,290,30
2026-10-09T12:46:25.168Z,200,8.51,STALE,True,580580059,580610262,3551.8,290,30
2026-10-09T12:46:55.414Z,200,0.85,STALE,True,580580059,580610400,3582.0,290,30
2026-10-09T12:47:25.429Z,timeout,20.01,,,,580610734,,,
2026-10-09T12:47:56.065Z,200,0.85,STALE,True,580580059,580610816,3642.7,290,30
2026-10-09T12:48:26.876Z,200,0.51,STALE,True,580580059,580611187,3673.5,290,30
2026-10-09T12:49:00.891Z,200,0.84,STALE,True,580580059,580611542,3707.5,290,30
2026-10-09T12:49:31.732Z,200,0.52,STALE,True,580580059,580611772,3738.3,290,30
2026-10-09T12:50:02.201Z,200,0.96,STALE,True,580580059,580612013,3768.8,290,30
2026-10-09T12:50:32.896Z,200,0.32,STALE,True,580580059,580612255,3799.5,290,30
2026-10-09T12:51:03.497Z,200,10.4,STALE,True,580580059,580612697,3830.1,290,30
2026-10-09T12:51:34.695Z,200,1.0,STALE,True,580580059,580612889,3861.3,290,30
2026-10-09T12:52:05.592Z,200,19.38,STALE,True,580580059,580613361,3892.2,290,30
2026-10-09T12:52:35.809Z,200,12.57,STALE,True,580580059,580613635,3922.4,290,30
2026-10-09T12:53:08.654Z,200,0.39,STALE,True,580580059,580613780,3955.3,290,30
2026-10-09T12:53:39.457Z,200,0.43,STALE,True,580580059,580613975,3986.1,290,30
2026-10-09T12:54:09.954Z,200,0.41,STALE,True,580580059,580614199,4016.6,290,30
2026-10-09T12:54:40.296Z,200,0.7,STALE,True,580580059,580614379,4046.9,290,30
2026-10-09T12:55:11.092Z,200,0.56,STALE,True,580580059,580614547,4077.7,290,30
2026-10-09T12:55:41.535Z,200,0.71,STALE,True,580580059,580614746,4108.1,290,30
2026-10-09T12:56:12.834Z,200,0.51,STALE,True,580580059,580614966,4139.4,290,30
2026-10-09T12:56:43.327Z,200,0.33,STALE,True,580580059,580615169,4169.9,290,30
2026-10-09T12:57:14.425Z,200,0.53,STALE,True,580580059,580615375,4201.0,290,30
2026-10-09T12:57:44.981Z,200,0.54,STALE,True,580580059,580615559,4231.6,290,30
2026-10-09T12:58:15.832Z,200,0.53,STALE,True,580580059,580615823,4262.4,290,30
2026-10-09T12:58:47.239Z,200,0.65,STALE,True,580580059,580615993,4293.9,290,30
2026-10-09T12:59:17.976Z,200,0.52,STALE,True,580580059,580616171,4324.6,290,30
2026-10-09T12:59:49.516Z,200,0.71,STALE,True,580580059,580616406,4356.1,290,30
2026-10-09T13:00:21.129Z,200,0.5,STALE,True,580580059,580616564,4387.7,290,30
2026-10-09T13:00:52.088Z,200,5.63,STALE,True,580580059,580616825,4418.7,290,30
2026-10-09T13:01:22.878Z,200,0.57,STALE,True,580580059,580616994,4449.5,290,30
2026-10-09T13:01:53.801Z,200,0.86,STALE,True,580580059,580617244,4480.4,290,30
2026-10-09T13:02:24.650Z,200,11.71,STALE,True,580580059,580617526,4511.3,290,30
2026-10-09T13:02:55.928Z,200,1.04,STALE,True,580580059,580617659,4542.5,290,30
2026-10-09T13:03:26.303Z,200,0.54,STALE,True,580580059,580617847,4572.9,290,30
2026-10-09T13:03:57.632Z,200,18.16,STALE,True,580580059,580618143,4604.2,290,30
2026-10-09T13:04:28.208Z,200,0.73,STALE,True,580580059,580618266,4634.8,290,30
2026-10-09T13:04:58.687Z,200,0.31,STALE,True,580580059,580618426,4665.3,290,30
2026-10-09T13:05:28.783Z,200,1.27,STALE,True,580580059,580618683,4695.4,290,30
2026-10-09T13:05:59.306Z,200,0.5,STALE,True,580580059,580618869,4725.9,290,30
2026-10-09T13:06:30.179Z,200,0.55,STALE,True,580580059,580619054,4756.8,290,30
2026-10-09T13:07:01.094Z,200,0.5,STALE,True,580580059,580619261,4787.7,290,30
2026-10-09T13:07:31.190Z,200,0.81,STALE,True,580580059,580619472,4817.8,290,30
2026-10-09T13:08:01.888Z,200,0.61,STALE,True,580580059,580619736,4848.5,290,30
2026-10-09T13:08:32.744Z,200,6.62,STALE,True,580580059,580619952,4879.4,290,30
2026-10-09T13:09:02.926Z,200,2.55,STALE,True,580580059,580620121,4909.5,290,30
2026-10-09T13:10:03.439Z,200,0.67,STALE,True,580580059,580620498,4970.1,290,30
2026-10-09T13:10:34.012Z,timeout,20.01,,,,580620836,,,
2026-10-09T13:11:04.510Z,200,0.78,STALE,True,580580059,580620930,5031.1,290,30
2026-10-09T13:11:35.037Z,200,3.89,STALE,True,580580059,580621107,5061.6,290,30
2026-10-09T13:12:05.208Z,200,0.31,STALE,True,580580059,580621287,5091.8,290,30
2026-10-09T13:12:35.679Z,200,0.83,STALE,True,580580059,580621518,5122.3,290,30
2026-10-09T13:13:06.410Z,200,9.9,STALE,True,580580059,580621764,5153.0,290,30
2026-10-09T13:13:37.262Z,200,0.76,STALE,True,580580059,580621917,5183.9,290,30
2026-10-09T13:14:08.145Z,200,0.54,STALE,True,580580059,580622098,5214.8,290,30
2026-10-09T13:14:40.238Z,200,0.52,STALE,True,580580059,580622326,5246.8,290,30
2026-10-09T13:15:11.160Z,200,14.63,STALE,True,580580059,580622590,5277.8,290,30
2026-10-09T13:15:41.338Z,200,0.3,STALE,True,580580059,580622739,5307.9,290,30
2026-10-09T13:16:11.426Z,200,14.23,STALE,True,580580059,580623049,5338.0,290,30
2026-10-09T13:16:42.166Z,200,6.11,STALE,True,580580059,580623177,5368.8,290,30
2026-10-09T13:17:12.853Z,200,2.42,STALE,True,580580059,580623374,5399.5,290,30
2026-10-09T13:17:43.584Z,200,0.57,STALE,True,580580059,580623563,5430.2,290,30
2026-10-09T13:18:13.786Z,200,13.47,STALE,True,580580059,580623890,5460.4,290,30
2026-10-09T13:18:46.370Z,200,0.52,STALE,True,580580059,580624006,5493.0,290,30
2026-10-09T13:19:17.423Z,200,0.69,STALE,True,580580059,580624240,5524.0,290,30
2026-10-09T13:19:48.694Z,200,0.56,STALE,True,580580059,580624454,5555.3,290,30
2026-10-09T13:20:19.505Z,200,0.47,STALE,True,580580059,580624693,5586.1,290,30
2026-10-09T13:20:50.325Z,200,13.79,STALE,True,580580059,580624987,5616.9,290,30
2026-10-09T13:21:20.806Z,200,11.51,STALE,True,580580059,580625146,5647.4,290,30
2026-10-09T13:21:51.509Z,200,2.84,STALE,True,580580059,580625344,5678.1,290,30
2026-10-09T13:22:22.361Z,200,0.69,STALE,True,580580059,580625584,5709.0,290,30
2026-10-09T13:22:52.436Z,200,4.86,STALE,True,580580059,580625813,5739.0,290,30
2026-10-09T13:23:23.033Z,200,0.65,STALE,True,580580059,580626034,5769.6,290,30
2026-10-09T13:23:53.305Z,200,0.31,STALE,True,580580059,580626213,5799.9,290,30
2026-10-09T13:24:23.459Z,200,0.45,STALE,True,580580059,580626459,5830.1,290,30
2026-10-09T13:24:53.774Z,200,0.82,STALE,True,580580059,580626647,5860.4,290,30
2026-10-09T13:25:24.428Z,200,3.17,STALE,True,580580059,580626913,5891.0,290,30
2026-10-09T13:25:59.140Z,200,0.76,STALE,True,580580059,580627116,5925.8,290,30
2026-10-09T13:26:29.523Z,200,0.51,STALE,True,580580059,580627331,5956.1,290,30
2026-10-09T13:27:00.142Z,200,14.56,STALE,True,580580059,580627687,5986.8,290,30
2026-10-09T13:27:30.957Z,200,5.16,STALE,True,580580059,580627803,6017.6,290,30
2026-10-09T13:28:01.363Z,200,0.52,STALE,True,580580059,580627998,6048.0,290,30
2026-10-09T13:28:32.152Z,200,0.51,STALE,True,580580059,580628219,6078.8,290,30
2026-10-09T13:29:02.405Z,200,0.77,STALE,True,580580059,580628488,6109.0,290,30
2026-10-09T13:29:33.051Z,200,16.98,STALE,True,580580059,580628868,6139.7,290,30
2026-10-09T13:30:03.992Z,200,1.16,STALE,True,580580059,580629011,6170.6,290,30
2026-10-09T13:30:34.960Z,200,0.31,STALE,True,580580059,580629238,6201.6,290,30
2026-10-09T13:31:05.151Z,200,0.42,STALE,True,580580059,580629429,6231.8,290,30
2026-10-09T13:31:35.474Z,200,0.51,STALE,True,580580059,580629634,6262.1,290,30
2026-10-09T13:32:05.663Z,200,0.4,STALE,True,580580059,580629913,6292.3,290,30
2026-10-09T13:32:36.063Z,200,0.59,STALE,True,580580059,580630109,6322.7,290,30
2026-10-09T13:33:06.178Z,200,0.55,STALE,True,580580059,580630320,6352.8,290,30
2026-10-09T13:33:37.122Z,200,0.42,STALE,True,580580059,580630578,6383.7,290,30
2026-10-09T13:34:07.840Z,200,19.46,STALE,True,580580059,580631012,6414.5,290,30
2026-10-09T13:34:37.958Z,200,0.33,STALE,True,580580059,580631105,6444.6,290,30
2026-10-09T13:35:08.506Z,200,0.32,STALE,True,580580059,580631332,6475.1,290,30
2026-10-09T13:35:38.609Z,200,0.54,STALE,True,580580059,580631591,6505.2,290,30
2026-10-09T13:36:09.548Z,200,0.74,STALE,True,580580059,580631788,6536.2,290,30
2026-10-09T13:36:39.555Z,200,0.39,STALE,True,580580059,580632060,6566.2,290,30
2026-10-09T13:37:10.301Z,200,0.31,STALE,True,580580059,580632294,6596.9,290,30
2026-10-09T13:37:40.599Z,200,0.77,STALE,True,580580059,580632546,6627.2,290,30
2026-10-09T13:38:11.374Z,200,0.46,STALE,True,580580059,580632797,6658.0,290,30
2026-10-09T13:38:41.551Z,200,0.33,STALE,True,580580059,580633041,6688.2,290,30
2026-10-09T13:39:12.247Z,200,0.76,STALE,True,580580059,580633279,6718.9,290,30
2026-10-09T13:39:43.192Z,200,0.31,STALE,True,580580059,580633521,6749.8,290,30
2026-10-09T13:40:13.623Z,200,5.21,STALE,True,580580059,580633845,6780.2,290,30
2026-10-09T13:40:43.997Z,200,1.87,STALE,True,580580059,580634082,6810.6,290,30
2026-10-09T13:41:14.052Z,200,20.0,STALE,True,580580059,580634461,6840.7,290,30
2026-10-09T13:41:44.211Z,200,1.4,STALE,True,580580059,580634543,6870.8,290,30
2026-10-09T13:42:14.772Z,200,0.63,STALE,True,580580059,580634821,6901.4,290,30
2026-10-09T13:42:45.541Z,timeout,20.01,,,,,,,
2026-10-09T13:43:21.573Z,timeout,20.01,,,,580635646,,,
2026-10-09T13:43:51.988Z,503,0.1,HIT,False,580635621,580635646,549.8,546.7679998874664,299
2026-10-09T13:44:22.192Z,timeout,20.01,,,,580636010,,,
2026-10-09T13:44:52.400Z,200,0.6,STALE,True,580580059,580636119,7059.0,290,30
2026-10-09T13:45:23.184Z,200,12.75,STALE,True,580580059,580636528,7089.8,290,30
2026-10-09T13:45:54.111Z,200,4.55,STALE,True,580580059,580636708,7120.7,290,30
2026-10-09T13:46:24.845Z,200,2.06,STALE,True,580580059,580637007,7151.5,290,30
2026-10-09T13:46:55.298Z,timeout,20.01,,,,580637423,,,
2026-10-09T13:47:25.556Z,200,0.65,STALE,True,580580059,580637525,7212.2,290,30
2026-10-09T13:47:55.624Z,200,0.39,STALE,True,580580059,580637756,7242.2,290,30
2026-10-09T13:48:26.192Z,200,0.51,STALE,True,580580059,580638056,7272.8,290,30
2026-10-09T13:48:56.909Z,200,0.52,STALE,True,580580059,580638307,7303.5,290,30
2026-10-09T13:49:27.599Z,200,0.31,STALE,True,580580059,580638562,7334.2,290,30
2026-10-09T13:49:58.379Z,200,19.09,STALE,True,580580059,580639033,7365.0,290,30
2026-10-09T13:50:28.668Z,200,0.59,STALE,True,580580059,580639119,7395.3,290,30
2026-10-09T13:50:59.394Z,200,0.32,STALE,True,580580059,580639399,7426.0,290,30
2026-10-09T13:51:29.901Z,200,0.83,STALE,True,580580059,580639664,7456.5,290,30
2026-10-09T13:51:59.932Z,200,2.18,STALE,True,580580059,580640011,7486.5,290,30
2026-10-09T13:52:30.286Z,200,0.34,STALE,True,580580059,580640268,7516.9,290,30
2026-10-09T13:53:00.814Z,200,0.32,STALE,True,580580059,580640535,7547.4,290,30
2026-10-09T13:53:31.323Z,200,5.32,STALE,True,580580059,580640845,7577.9,290,30
2026-10-09T13:54:01.971Z,200,0.63,STALE,True,580580059,580641019,7608.6,290,30
2026-10-09T13:54:32.769Z,200,16.67,STALE,True,580580059,580641486,7639.4,290,30
2026-10-09T13:55:03.721Z,200,12.91,STALE,True,580580059,580641732,7670.3,290,30
2026-10-09T13:55:33.815Z,200,0.31,STALE,True,580580059,580641843,7700.4,290,30
2026-10-09T13:56:04.319Z,200,5.33,STALE,True,580580059,580642259,7730.9,290,30
2026-10-09T13:56:35.021Z,200,0.69,STALE,True,580580059,580642491,7761.6,290,30
2026-10-09T13:57:05.895Z,200,19.54,STALE,True,580580059,580642941,7792.5,290,30
2026-10-09T13:57:36.598Z,200,0.6,STALE,True,580580059,580643016,7823.2,290,30
2026-10-09T13:58:07.372Z,200,0.51,STALE,True,580580059,580643260,7854.0,290,30
2026-10-09T13:58:37.987Z,200,2.09,STALE,True,580580059,580643601,7884.6,290,30
2026-10-09T13:59:08.242Z,200,17.63,STALE,True,580580059,580644082,7914.9,290,30
2026-10-09T13:59:39.176Z,200,0.43,STALE,True,580580059,580644185,7945.8,290,30
2026-10-09T14:00:56.045Z,200,2.3,STALE,True,580580059,580644980,8022.7,290,30
2026-10-09T14:01:26.691Z,timeout,20.01,,,,,,,
2026-10-09T14:02:02.719Z,200,16.81,STALE,True,580580059,,8089.3,290,30
2026-10-09T14:02:35.546Z,200,4.28,STALE,True,580580059,580645947,8122.2,290,30
