picked,keel_accept,visible_at,delay_s,polls,result
2026-10-09T12:28:37.671Z,2026-10-09T12:28:37.238Z,2026-10-09T12:40:56.546Z,739.3,47,visible
2026-10-09T12:29:38.599Z,2026-10-09T12:29:38.970Z,2026-10-09T12:44:13.137Z,874.2,55,visible
2026-10-09T12:30:38.807Z,2026-10-09T12:30:35.392Z,2026-10-09T12:45:30.876Z,895.5,56,visible
2026-10-09T12:33:42.032Z,2026-10-09T12:33:41.638Z,2026-10-09T12:46:35.338Z,773.7,47,visible
2026-10-09T12:32:39.951Z,2026-10-09T12:32:38.701Z,2026-10-09T12:46:50.932Z,852.2,52,visible
2026-10-09T12:31:39.782Z,2026-10-09T12:31:36.453Z,2026-10-09T12:48:17.325Z,1000.9,61,visible
2026-10-09T12:34:42.540Z,2026-10-09T12:34:41.638Z,2026-10-09T12:50:05.582Z,923.9,56,visible
2026-10-09T12:35:44.216Z,2026-10-09T12:35:43.678Z,2026-10-09T12:50:05.784Z,862.1,52,visible
2026-10-09T12:37:44.816Z,2026-10-09T12:37:44.729Z,2026-10-09T12:50:06.130Z,741.4,45,visible
2026-10-09T12:36:44.556Z,2026-10-09T12:36:41.722Z,2026-10-09T12:50:52.155Z,850.4,52,visible
2026-10-09T12:38:45.227Z,2026-10-09T12:38:44.792Z,2026-10-09T12:53:20.417Z,875.6,52,visible
2026-10-09T12:41:47.493Z,2026-10-09T12:41:46.906Z,2026-10-09T12:53:20.974Z,694.1,41,visible
2026-10-09T12:40:46.577Z,2026-10-09T12:40:45.626Z,2026-10-09T12:54:52.543Z,846.9,51,visible
2026-10-09T12:39:45.718Z,2026-10-09T12:39:45.629Z,2026-10-09T12:55:53.613Z,968.0,58,visible
2026-10-09T12:43:48.664Z,2026-10-09T12:43:48.663Z,2026-10-09T12:57:57.475Z,848.8,52,visible
2026-10-09T12:44:49.639Z,2026-10-09T12:44:48.895Z,2026-10-09T12:57:57.656Z,788.8,48,visible
2026-10-09T12:45:50.344Z,2026-10-09T12:45:48.818Z,2026-10-09T12:57:57.846Z,729.0,44,visible
2026-10-09T12:42:48.434Z,2026-10-09T12:42:47.734Z,2026-10-09T12:58:12.864Z,925.1,56,visible
2026-10-09T12:46:50.554Z,2026-10-09T12:46:48.879Z,2026-10-09T12:58:44.386Z,715.5,45,visible
2026-10-09T12:50:01.200Z,2026-10-09T12:50:01.017Z,2026-10-09T12:58:44.958Z,523.9,33,visible
2026-10-09T12:47:51.064Z,2026-10-09T12:47:51.029Z,2026-10-09T12:59:46.792Z,715.8,45,visible
2026-10-09T12:49:00.891Z,2026-10-09T12:48:59.929Z,2026-10-09T13:02:52.938Z,833.0,53,visible
2026-10-09T12:51:01.496Z,2026-10-09T12:51:01.020Z,2026-10-09T13:05:04.356Z,843.3,53,visible
2026-10-09T12:52:04.591Z,2026-10-09T12:52:04.004Z,2026-10-09T13:05:50.656Z,826.7,52,visible
2026-10-09T12:54:05.494Z,2026-10-09T12:54:02.275Z,2026-10-09T13:06:37.055Z,754.8,49,visible
2026-10-09T12:55:06.485Z,2026-10-09T12:55:02.891Z,2026-10-09T13:07:23.189Z,740.3,48,visible
2026-10-09T12:58:07.671Z,2026-10-09T12:58:02.094Z,2026-10-09T13:07:23.705Z,561.6,36,visible
2026-10-09T12:57:07.371Z,2026-10-09T12:56:59.077Z,2026-10-09T13:08:26.117Z,687.0,44,visible
2026-10-09T12:56:06.828Z,2026-10-09T12:56:04.304Z,2026-10-09T13:08:57.350Z,773.0,50,visible
2026-10-09T13:00:08.656Z,2026-10-09T13:00:07.223Z,2026-10-09T13:12:44.046Z,756.8,46,visible
2026-10-09T13:01:08.708Z,2026-10-09T13:01:08.058Z,2026-10-09T13:12:44.236Z,696.2,42,visible
2026-10-09T13:02:09.087Z,2026-10-09T13:02:01.634Z,2026-10-09T13:16:27.237Z,865.6,51,visible
2026-10-09T12:59:08.081Z,2026-10-09T12:59:02.021Z,2026-10-09T13:17:15.680Z,1093.7,66,visible
2026-10-09T13:05:17.534Z,2026-10-09T13:05:05.143Z,2026-10-09T13:18:28.802Z,803.7,47,visible
2026-10-09T13:04:16.887Z,2026-10-09T13:04:10.507Z,2026-10-09T13:19:30.526Z,920.0,55,visible
2026-10-09T13:06:17.960Z,2026-10-09T13:06:03.462Z,2026-10-09T13:19:30.741Z,807.3,47,visible
2026-10-09T13:08:18.744Z,2026-10-09T13:08:16.412Z,2026-10-09T13:21:32.828Z,796.4,46,visible
2026-10-09T13:09:19.336Z,2026-10-09T13:09:16.506Z,2026-10-09T13:21:54.956Z,758.5,44,visible
2026-10-09T13:10:19.421Z,2026-10-09T13:10:00.384Z,2026-10-09T13:22:23.607Z,743.2,44,visible
2026-10-09T13:07:18.013Z,2026-10-09T13:07:07.357Z,2026-10-09T13:24:45.642Z,1058.3,63,visible
2026-10-09T13:13:21.191Z,2026-10-09T13:13:13.101Z,2026-10-09T13:26:33.404Z,800.3,49,visible
2026-10-09T13:15:26.960Z,2026-10-09T13:15:26.636Z,2026-10-09T13:28:02.447Z,755.8,47,visible
2026-10-09T13:16:30.164Z,2026-10-09T13:16:16.933Z,2026-10-09T13:28:17.600Z,720.7,44,visible
2026-10-09T13:14:23.628Z,2026-10-09T13:14:21.412Z,2026-10-09T13:28:49.704Z,868.3,53,visible
2026-10-09T13:21:34.948Z,2026-10-09T13:20:48.204Z,2026-10-09T13:32:42.033Z,713.8,42,visible
2026-10-09T13:28:46.505Z,2026-10-09T13:28:02.808Z,2026-10-09T13:37:03.300Z,540.5,31,visible
2026-10-09T13:23:41.274Z,2026-10-09T13:23:30.227Z,2026-10-09T13:38:19.197Z,889.0,55,visible
2026-10-09T13:25:41.917Z,2026-10-09T13:25:23.684Z,2026-10-09T13:38:50.243Z,806.6,49,visible
