bucket_utc,span_s,network_blocks_s_daa,keel_blockcount_delta_s,bot_blocks_submitted_s_minerlogs,bot_share_pct_approx
2026-10-09T12:20:00Z,320,9.97,9.97,4.16,41.7
2026-10-09T12:30:00Z,590,10.21,10.21,4.37,42.8
2026-10-09T12:40:00Z,590,10.43,10.43,3.99,38.3
2026-10-09T12:50:00Z,590,9.17,9.17,2.75,30.0
2026-10-09T13:00:00Z,590,7.09,7.09,1.11,15.7
2026-10-09T13:10:00Z,590,6.7,6.7,0.28,4.2
2026-10-09T13:20:00Z,590,4.88,4.88,0.13,2.7
2026-10-09T13:30:00Z,590,2.15,2.15,0.0,0.0
2026-10-09T13:40:00Z,590,12.97,12.97,0.0,0.0
2026-10-09T13:50:00Z,590,4.08,4.08,0.0,0.0
2026-10-09T14:00:00Z,110,15.3,15.3,0.0,0.0
