utc_end,window_s,accepted_tx_s_incl_coinbase,accepted_tx_s_excl_coinbase_approx,daa_per_s,keel_mempool,bot_accepted_tx_s_same_minute,bot_share_pct,keel_lag_max_s_in_window
2026-10-09T12:23:30Z,63.3,2055.6,2045.1,10.47,17523,60.7,2.97,
2026-10-09T12:24:36Z,61.9,1936.6,1926.2,10.34,22455,61.1,3.17,4.8
2026-10-09T12:25:42Z,64.4,2016.9,2006.4,10.41,20847,59.0,2.94,4.8
2026-10-09T12:26:48Z,63.6,1978.9,1968.4,10.53,20308,61.0,3.1,2.8
2026-10-09T12:27:51Z,60.9,2001.8,1991.3,10.44,19983,59.1,2.97,2.1
2026-10-09T12:28:57Z,63,2003.9,1994,9.92,20302,60.0,3.01,2.8
2026-10-09T12:30:02Z,62.2,1783.3,1773.6,9.68,21865,56.1,3.16,16.0
2026-10-09T12:31:04Z,61.1,1714.9,1703.8,11.05,16216,60.6,3.55,16.0
2026-10-09T12:32:06Z,61.1,1475.4,1466.7,8.68,17637,59.0,4.02,9.4
2026-10-09T12:33:17Z,69.2,1451.2,1442.4,8.77,19487,64.7,4.49,2.6
2026-10-09T12:43:14Z,60.9,1482.5,1469.4,13.18,131,73.5,5.0,20.0
2026-10-09T12:44:15Z,60.5,117.6,105.9,11.73,139,59.7,56.36,1.5
2026-10-09T12:45:45Z,88.8,1066.5,1056.4,10.13,22578,79.5,7.52,11.4
2026-10-09T12:47:08Z,65.6,1732.3,1723.9,8.42,25860,97.4,5.65,31.4
2026-10-09T12:48:38Z,88.4,1588.6,1575.8,12.83,19970,120.4,7.64,15.7
2026-10-09T12:53:32Z,60.8,1195.8,1189.7,6.13,23274,68.0,5.72,36.3
2026-10-09T12:54:36Z,62.4,1792.3,1781.3,10.98,14766,56.5,3.17,37.6
2026-10-09T12:55:59Z,77.7,1315.1,1306.5,8.57,13788,47.8,3.66,22.7
2026-10-09T12:57:11Z,61,1670.4,1662.8,7.51,18900,65.1,3.92,30.3
2026-10-09T12:58:16Z,64.4,2445.7,2435.4,10.33,13511,45.8,1.88,28.2
2026-10-09T12:59:18Z,61,1770.9,1761.5,9.44,12711,82.7,4.69,15.3
2026-10-09T13:00:21Z,62.1,2068.5,2059,9.53,12190,57.2,2.78,33.9
2026-10-09T13:01:26Z,61.2,2074.9,2065.4,9.4,12351,30.6,1.48,36.9
2026-10-09T13:02:28Z,60.8,768.4,764.1,4.37,17573,79.4,10.39,39.7
2026-10-09T13:03:29Z,60.7,494.8,492.6,2.17,21824,23.3,4.73,84.4
2026-10-09T13:04:33Z,63,2907.4,2895.6,11.8,10155,110.4,3.81,84.8
2026-10-09T13:05:34Z,60.7,579.2,576.3,2.86,19453,15.8,2.74,68.0
2026-10-09T13:06:36Z,60.8,934.8,931.2,3.58,28995,121.5,13.05,90.3
2026-10-09T13:07:38Z,61.3,3174.5,3161.7,12.78,13726,25.2,0.8,90.3
2026-10-09T13:08:40Z,61.1,2751.7,2740,11.65,11292,84.5,3.08,51.2
2026-10-09T13:09:41Z,60.8,664.7,661.6,3.04,18194,15.3,2.31,61.7
2026-10-09T13:10:43Z,61.1,3194,3181.8,12.16,12080,117.4,3.69,71.6
2026-10-09T13:11:45Z,60.8,979.7,975.9,3.83,14419,43.8,4.48,55.3
2026-10-09T13:12:47Z,61,1794.9,1788.3,6.67,16016,61.0,3.41,59.9
2026-10-09T13:13:48Z,61,2693.7,2683.4,10.38,11395,64.0,2.39,47.2
2026-10-09T13:14:50Z,60.9,1768.8,1762.1,6.7,8737,67.1,3.81,35.5
2026-10-09T13:15:52Z,61,1683.2,1675,8.14,14109,59.2,3.54,28.7
2026-10-09T13:16:53Z,61,1722,1715.1,6.89,14672,57.7,3.36,39.0
2026-10-09T13:17:55Z,60.8,606.7,604.1,2.53,19705,18.9,3.14,72.9
2026-10-09T13:18:56Z,61,1249.5,1244.7,4.72,24997,39.9,3.21,93.0
2026-10-09T13:19:58Z,61.1,1801.2,1794.2,6.96,19818,57.5,3.21,95.6
2026-10-09T13:21:00Z,60.9,1288.2,1283.6,4.61,29033,38.2,2.98,125.6
2026-10-09T13:22:01Z,60.2,0,0,0,29033,0.0,0.0,176.6
2026-10-09T13:23:02Z,60.2,0,0,0,29033,0.0,0.0,236.6
2026-10-09T13:24:04Z,61.5,3008.1,2996.4,11.69,35742,89.8,3.0,246.8
2026-10-09T13:26:46Z,60.3,0,0,0,23789,0.0,0.0,218.2
2026-10-09T13:27:47Z,60.2,0,0,0,23789,0.0,0.0,268.2
2026-10-09T13:28:49Z,61.4,3178,3165.7,12.3,29802,24.9,0.79,268.2
2026-10-09T13:29:50Z,60.2,0,0,0,29802,0.0,0.0,297.6
2026-10-09T13:30:51Z,60.2,0,0,0,29802,0.0,0.0,357.6
2026-10-09T13:31:52Z,60.2,0,0,0,29802,,,417.6
2026-10-09T13:32:53Z,60.2,0,0,0,29802,,,477.6
2026-10-09T13:33:53Z,60.3,0,0,0,29802,,,537.6
2026-10-09T13:34:56Z,61.5,5415.3,5394.7,20.61,32695,,,587.6
2026-10-09T13:35:56Z,60.2,0,0,0,32695,,,495.4
2026-10-09T13:36:57Z,60.2,0,0,0,32695,,,555.4
2026-10-09T13:37:58Z,60.2,0,0,0,32695,,,615.4
2026-10-09T13:38:59Z,60.2,0,0,0,32695,,,675.4
2026-10-09T13:40:00Z,60.2,0,0,0,32695,,,735.4
2026-10-09T13:41:13Z,73.1,8838.4,8793.5,44.94,5735,,,765.5
2026-10-09T13:42:14Z,60.2,0,0,0,5735,,,457.8
2026-10-09T13:43:15Z,60.2,0,0,0,5735,,,517.8
2026-10-09T13:44:16Z,60.2,0,0,0,5735,,,577.8
2026-10-09T13:45:17Z,60.2,0,0,0,5735,,,637.8
2026-10-09T13:46:18Z,60.2,0,0,0,5735,,,697.8
2026-10-09T13:47:23Z,64.5,10115.3,10069.6,45.7,5466,,,697.8
2026-10-09T13:48:25Z,61.6,5970.1,5947.1,23.06,8211,,,435.0
2026-10-09T13:49:26Z,60.2,0,0,0,8211,,,358.4
2026-10-09T13:50:27Z,60.2,0,0,0,8211,,,418.5
2026-10-09T13:51:28Z,60.2,0,0,0,8211,,,478.5
2026-10-09T13:52:30Z,60.9,366.2,364.9,1.28,8211,,,529.2
2026-10-09T13:53:34Z,64,1305.6,1300.6,5.03,8211,,,557.5
2026-10-09T13:54:36Z,60.8,1014.4,1010.4,3.93,8211,,,582.6
2026-10-09T13:55:43Z,66,2295.1,2286.3,8.83,8211,,,590.0
2026-10-09T13:56:50Z,60.9,1645,1638.6,6.48,8211,,,593.4
2026-10-09T13:57:52Z,61.1,2589.3,2579.1,10.23,8211,,,593.2
2026-10-09T13:58:53Z,60.2,0,0,0,8211,,,643.6
2026-10-09T13:59:54Z,60.2,0,0,0,8211,,,703.6
2026-10-09T14:00:55Z,60.2,0,0,0,8211,,,765.5
2026-10-09T14:01:57Z,61.2,2280.6,2270.9,9.71,8211,,,804.5
2026-10-09T14:03:00Z,62.1,5530.6,5506.7,23.93,8211,,,758.7
2026-10-09T14:04:02Z,61.1,2270.2,2258.9,11.35,8211,,,661.7
2026-10-09T14:05:04Z,61,1912.3,1904.2,8.12,8211,,,655.2
2026-10-09T14:06:05Z,60.9,1895.1,1887,8.13,8211,,,654.8
2026-10-09T14:07:07Z,61,2284.6,2274.9,9.74,8211,,,662.2
2026-10-09T14:08:09Z,60.9,2258.6,2248.9,9.75,8211,,,661.3
2026-10-09T14:09:10Z,60.8,1276.8,1271.1,5.69,8211,,,688.9
2026-10-09T14:10:11Z,60.2,0,0,0,8211,,,749.0
2026-10-09T14:11:12Z,60.2,0,0,0,8211,,,809.0
2026-10-09T14:12:15Z,62.4,1916.8,1908.5,8.3,8211,,,845.7
2026-10-09T14:13:18Z,62.2,6498,6466.5,31.48,8211,,,815.8
2026-10-09T14:14:22Z,61.3,3482.7,3468.2,14.54,8211,,,691.0
2026-10-09T14:15:23Z,61.1,2400.6,2390.8,9.72,8211,,,662.5
2026-10-09T14:16:28Z,63.9,2356.6,2347.3,9.3,8211,,,661.7
2026-10-09T14:17:30Z,61.3,2366.8,2357.1,9.69,8211,,,658.9
2026-10-09T14:18:32Z,61.1,2392.2,2380.8,11.35,8211,,,658.2
2026-10-09T14:19:34Z,60.9,1998.8,1990.7,8.12,8211,,,664.4
2026-10-09T14:20:35Z,60.6,362,360.4,1.53,8211,,,715.5
2026-10-09T14:21:36Z,60.2,0,0,0,8211,,,785.6
2026-10-09T14:22:37Z,60.2,0,0,0,8211,,,845.6
2026-10-09T14:23:43Z,64.7,5335,5313.1,21.86,8211,,,852.0
2026-10-09T14:24:48Z,61.9,6135.3,6111.3,24,8211,,,757.9
2026-10-09T14:25:49Z,61,2451.8,2442.1,9.72,8211,,,662.9
2026-10-09T14:26:51Z,60.9,2506.5,2496.8,9.75,8211,,,661.8
2026-10-09T14:27:53Z,61.1,2519.1,2509.4,9.72,8211,,,661.4
2026-10-09T14:28:55Z,61.2,2823.6,2812.2,11.34,8211,,,662.4
2026-10-09T14:29:56Z,61.1,2460.5,2450.8,9.7,8211,,,658.1
2026-10-09T14:30:58Z,60.9,1607.7,1601.2,6.5,8211,,,685.5
2026-10-09T14:31:59Z,60.3,0,0,0,8211,,,745.5
2026-10-09T14:33:00Z,60.3,0,0,0,8211,,,805.5
2026-10-09T14:34:02Z,61.2,4283.5,4266.7,16.72,8211,,,825.4
2026-10-09T14:35:05Z,62.7,6218.3,6193.6,24.72,8211,,,770.7
2026-10-09T14:36:07Z,61.3,2862.5,2851.2,11.3,8211,,,663.9
2026-10-09T14:37:09Z,61.3,2479.5,2469.8,9.68,8211,,,662.2
2026-10-09T14:38:11Z,61,2504.1,2494.3,9.73,8211,,,661.1
2026-10-09T14:39:13Z,61,2466.9,2457.1,9.74,8211,,,660.2
2026-10-09T14:40:15Z,61.2,2501.2,2491.5,9.71,8211,,,660.2
2026-10-09T14:41:16Z,61,2644,2633.9,10.15,8211,,,661.1
2026-10-09T14:42:17Z,60.2,0,0,0,8211,,,721.1
2026-10-09T14:43:18Z,60.2,0,0,0,8211,,,781.0
2026-10-09T14:44:19Z,60.5,176.1,175.4,0.71,8211,,,831.0
2026-10-09T14:45:38Z,76.5,5648.4,5620.5,27.92,8211,,,831.0
2026-10-09T14:47:05Z,61.3,2463.8,2454.1,9.69,8211,,,662.6
2026-10-09T14:48:07Z,61.1,2326.6,2316.8,9.72,8211,,,660.5
2026-10-09T14:49:09Z,61.2,2865.3,2854,11.33,8211,,,661.1
2026-10-09T14:50:11Z,61.2,2542.6,2532.9,9.7,8211,,,661.4
2026-10-09T14:51:12Z,61,2379.5,2369.8,9.74,8211,,,663.0
2026-10-09T14:52:14Z,61.2,2476.4,2466.1,10.25,8211,,,663.0
2026-10-09T14:53:15Z,60.2,0,0,0,8211,,,721.1
2026-10-09T14:54:16Z,60.2,0,0,0,8211,,,791.2
2026-10-09T14:55:17Z,60.2,0,0,0,8211,,,851.1
2026-10-09T14:56:19Z,61.2,3380.6,3367,13.66,8211,,,851.1
2026-10-09T14:57:21Z,61.4,5274.1,5251.6,22.55,8211,,,817.4
2026-10-09T14:58:24Z,62.1,5651.6,5629.3,22.32,8211,,,736.3
2026-10-09T14:59:26Z,61.6,2435.2,2425.6,9.65,8211,,,659.7
2026-10-09T15:00:28Z,61,2420.4,2410.7,9.74,8211,,,657.7
2026-10-09T15:01:29Z,61,2447.3,2437.5,9.74,8211,,,659.4
2026-10-09T15:02:31Z,61.4,2841,2829.8,11.28,8211,,,662.7
2026-10-09T15:03:33Z,60.8,1393.4,1387.7,5.65,8211,,,686.4
2026-10-09T15:04:34Z,60.2,0,0,0,8211,,,746.2
2026-10-09T15:05:35Z,60.2,0,0,0,8211,,,806.2
2026-10-09T15:06:36Z,60.8,866.3,862.5,3.82,8211,,,856.2
2026-10-09T15:07:39Z,62.3,5922.4,5899.1,23.28,8211,,,845.6
2026-10-09T15:08:42Z,62.5,6740.8,6713.8,26.94,8211,,,759.7
2026-10-09T15:09:44Z,61.5,2808.5,2797.3,11.27,8211,,,667.7
