t,ev,phase,status,reason,target,build,quote,lag_s,armed,clean,mean_pct,saturated,zero
2026-10-09T16:57:13.161Z,clock-start,,,,,,,,,,,,
2026-10-09T16:58:39.542Z,clock-start,,,,,,,,,,,,
2026-10-09T17:24:29.935Z,clock-start,,,,,,,,,,,,
2026-10-09T20:15:00.457Z,miner-want,,,,,,,,,,,,
2026-10-09T20:15:00.543Z,rehearsal-read,,,,,,,,,,,,
2026-10-09T20:30:00.403Z,miner-want,,,,,,,,,,,,
2026-10-09T20:30:00.417Z,rehearsal,,go,,,,,1,,,,,
2026-10-09T20:53:00.725Z,miner-want,,,,,,,,,,,,
2026-10-09T20:53:00.782Z,gate,rehearsal-60,,,,,,,,,,,
2026-10-09T20:53:00.964Z,coins-split,,,,,,,,,,,,
2026-10-09T20:53:00.972Z,arm,,,,14,,,,,,,,
2026-10-09T20:53:00.979Z,arm,,,,14,,,,,,,,
2026-10-09T20:53:00.991Z,arm,,,,14,,,,,,,,
2026-10-09T20:53:01.017Z,arm,,,,14,,,,,,,,
2026-10-09T20:53:01.042Z,arm,,,,4,,,,,,,,
2026-10-09T20:59:03.115Z,step-done,rehearsal-60,,ended,60,,,,5,false,100,true,false
2026-10-09T20:59:03.528Z,miner-want,,,,,,,,,,,,
2026-10-09T21:00:00.432Z,miner-want,,,,,,,,,,,,
2026-10-09T21:10:00.108Z,baseline-B,,,,,,,,,,,,
2026-10-09T21:10:00.501Z,miner-want,,,,,,,,,,,,
2026-10-09T21:20:00.352Z,miner-want,,,,,,,,,,,,
2026-10-09T21:20:00.373Z,gate,C2,,,,,,,,,,,
2026-10-09T21:20:00.408Z,coins-split,,,,,,,,,,,,
2026-10-09T21:20:00.413Z,arm,,,,14,,,,,,,,
2026-10-09T21:20:00.417Z,arm,,,,14,,,,,,,,
2026-10-09T21:20:00.422Z,arm,,,,14,,,,,,,,
2026-10-09T21:20:00.428Z,arm,,,,14,,,,,,,,
2026-10-09T21:20:00.437Z,arm,,,,4,,,,,,,,
2026-10-09T21:30:03.445Z,step-done,C2,,ended,60,,,,5,false,0,false,true
2026-10-09T21:30:03.834Z,miner-want,,,,,,,,,,,,
2026-10-09T21:30:03.841Z,gate,C3,,,,,,,,,,,
2026-10-09T21:30:04.073Z,coins-split,,,,,,,,,,,,
2026-10-09T21:30:04.078Z,arm,,,,14,,,,,,,,
2026-10-09T21:30:04.083Z,arm,,,,14,,,,,,,,
2026-10-09T21:30:04.088Z,arm,,,,14,,,,,,,,
2026-10-09T21:30:04.093Z,arm,,,,14,,,,,,,,
2026-10-09T21:30:04.101Z,arm,,,,4,,,,,,,,
2026-10-09T21:30:52.582Z,clock-start,,,,,,,,,,,,
2026-10-09T21:32:49.876Z,clock-start,,,,,,,,,,,,
2026-10-09T21:35:33.511Z,clock-start,,,,,,,,,,,,
2026-10-09T21:35:33.520Z,baseline-restored,,,,,,,,,,,,
2026-10-09T21:35:37.479Z,clock-start,,,,,,,,,,,,
2026-10-09T21:35:37.481Z,baseline-restored,,,,,,,,,,,,
2026-10-09T21:37:11.072Z,clock-start,,,,,,,,,,,,
2026-10-09T21:37:11.074Z,baseline-restored,,,,,,,,,,,,
2026-10-09T21:38:13.975Z,clock-start,,,,,,,,,,,,
2026-10-09T21:38:13.977Z,baseline-restored,,,,,,,,,,,,
2026-10-09T21:44:46.932Z,clock-start,,,,,,,,,,,,
2026-10-09T21:44:46.934Z,baseline-restored,,,,,,,,,,,,
2026-10-09T21:44:46.935Z,skip-past,stop-and-health,,,,,,,,,,,
2026-10-09T21:44:46.935Z,skip-past,rehearsal-miners,,,,,,,,,,,
2026-10-09T21:44:46.935Z,skip-past,rehearsal-60,,,,,,,,,,,
2026-10-09T21:44:46.935Z,skip-past,rehearsal-wrap,,,,,,,,,,,
2026-10-09T21:44:46.935Z,skip-past,B0,,,,,,,,,,,
2026-10-09T21:44:46.936Z,skip-past,C1,,,,,,,,,,,
2026-10-09T21:44:46.936Z,skip-past,C2,,,,,,,,,,,
2026-10-09T21:44:46.936Z,skip-past,C3,,,,,,,,,,,
2026-10-09T21:44:47.249Z,miner-want,,,,,,,,,,,,
2026-10-09T21:44:47.250Z,target,2x,,,,7,,,,,,,
2026-10-09T21:44:47.270Z,gate,2x,,,,,,,,,,,
2026-10-09T21:46:17.394Z,coins-refresh,,,,,,,,,,,,
2026-10-09T21:46:17.446Z,coins-split,,,,,,,,,,,,
2026-10-09T21:46:17.451Z,arm,,,,1,,,,,,,,
2026-10-09T21:46:17.456Z,arm,,,,1,,,,,,,,
2026-10-09T21:46:17.460Z,arm,,,,1,,,,,,,,
2026-10-09T21:46:17.466Z,arm,,,,4,,,,,,,,
2026-10-09T21:48:07.957Z,clock-start,,,,,,,,,,,,
2026-10-09T21:48:08.318Z,miner-want,,,,,,,,,,,,
2026-10-09T21:48:08.344Z,rehearsal-read,,,,,,,,,,,,
2026-10-09T21:52:09.048Z,clock-start,,,,,,,,,,,,
2026-10-09T21:52:09.050Z,baseline-restored,,,,,,,,,,,,
2026-10-09T21:52:09.050Z,skip-past,stop-and-health,,,,,,,,,,,
2026-10-09T21:52:09.050Z,skip-past,rehearsal-miners,,,,,,,,,,,
2026-10-09T21:52:09.050Z,skip-past,rehearsal-60,,,,,,,,,,,
2026-10-09T21:52:09.051Z,skip-past,rehearsal-wrap,,,,,,,,,,,
2026-10-09T21:52:09.051Z,skip-past,B0,,,,,,,,,,,
2026-10-09T21:52:09.051Z,skip-past,C1,,,,,,,,,,,
2026-10-09T21:52:09.051Z,skip-past,C2,,,,,,,,,,,
2026-10-09T21:52:09.051Z,skip-past,C3,,,,,,,,,,,
2026-10-09T21:52:09.428Z,miner-want,,,,,,,,,,,,
2026-10-09T21:52:09.428Z,target,2x,,,,7,,,,,,,
2026-10-09T21:52:09.448Z,gate,2x,,,,,,,,,,,
2026-10-09T21:53:39.601Z,coins-refresh,,,,,,,,,,,,
2026-10-09T21:53:39.667Z,coins-split,,,,,,,,,,,,
2026-10-09T21:53:39.673Z,arm,,,,1,,,,,,,,
2026-10-09T21:53:39.678Z,arm,,,,1,,,,,,,,
2026-10-09T21:53:39.683Z,arm,,,,1,,,,,,,,
2026-10-09T21:53:39.689Z,arm,,,,4,,,,,,,,
2026-10-09T21:55:06.345Z,step-done,2x,,ended,7,,,,4,true,100,false,false
2026-10-09T22:00:00.378Z,miner-want,,,,,,,,,,,,
2026-10-09T22:05:00.334Z,miner-want,,,,,,,,,,,,
2026-10-09T22:05:00.335Z,target,2x-miners-off,,,,7,,,,,,,
2026-10-09T22:05:00.341Z,gate,2x-miners-off,,,,,,,,,,,
2026-10-09T22:06:30.481Z,coins-refresh,,,,,,,,,,,,
2026-10-09T22:06:30.529Z,coins-split,,,,,,,,,,,,
2026-10-09T22:06:30.533Z,arm,,,,1,,,,,,,,
2026-10-09T22:06:30.538Z,arm,,,,1,,,,,,,,
2026-10-09T22:06:30.542Z,arm,,,,1,,,,,,,,
2026-10-09T22:06:30.549Z,arm,,,,4,,,,,,,,
2026-10-09T22:20:03.496Z,step-done,2x-miners-off,,ended,7,,,,4,true,100,false,false
2026-10-09T22:25:00.392Z,miner-want,,,,,,,,,,,,
2026-10-09T22:30:00.400Z,miner-want,,,,,,,,,,,,
2026-10-09T22:30:00.401Z,target,5x,,,,148,,,,,,,
2026-10-09T22:30:00.412Z,gate,5x,,,,,,,,,,,
2026-10-09T22:31:30.561Z,coins-refresh,,,,,,,,,,,,
2026-10-09T22:31:30.598Z,coins-split,,,,,,,,,,,,
2026-10-09T22:31:30.604Z,arm,,,,36,,,,,,,,
2026-10-09T22:31:30.609Z,arm,,,,36,,,,,,,,
2026-10-09T22:31:30.614Z,arm,,,,36,,,,,,,,
2026-10-09T22:31:30.645Z,arm,,,,36,,,,,,,,
2026-10-09T22:31:30.652Z,arm,,,,4,,,,,,,,
2026-10-09T22:45:03.435Z,step-done,5x,,ended,148,,,,5,true,100,false,false
2026-10-09T22:50:00.336Z,miner-want,,,,,,,,,,,,
2026-10-09T22:50:00.337Z,target,10x,,,,363,,,,,,,
2026-10-09T22:50:00.343Z,gate,10x,,,,,,,,,,,
2026-10-09T22:51:30.482Z,coins-refresh,,,,,,,,,,,,
2026-10-09T22:51:30.509Z,coins-split,,,,,,,,,,,,
2026-10-09T22:51:30.514Z,arm,,,,90,,,,,,,,
2026-10-09T22:51:30.518Z,arm,,,,90,,,,,,,,
2026-10-09T22:51:30.523Z,arm,,,,90,,,,,,,,
2026-10-09T22:51:30.529Z,arm,,,,89,,,,,,,,
2026-10-09T22:51:30.535Z,arm,,,,4,,,,,,,,
2026-10-09T23:05:04.115Z,step-done,10x,,ended,363,,,,5,true,100,false,false
2026-10-09T23:10:00.356Z,miner-want,,,,,,,,,,,,
2026-10-09T23:10:00.356Z,target,20x,,,,793,,,,,,,
2026-10-09T23:10:00.361Z,gate,20x,,,,,,,,,,,
2026-10-09T23:11:30.491Z,coins-refresh,,,,,,,,,,,,
2026-10-09T23:11:30.513Z,coins-split,,,,,,,,,,,,
2026-10-09T23:11:30.519Z,arm,,,,198,,,,,,,,
2026-10-09T23:11:30.523Z,arm,,,,197,,,,,,,,
2026-10-09T23:11:30.528Z,arm,,,,197,,,,,,,,
2026-10-09T23:11:30.533Z,arm,,,,197,,,,,,,,
2026-10-09T23:11:30.538Z,arm,,,,4,,,,,,,,
2026-10-09T23:25:03.627Z,step-done,20x,,ended,793,,,,5,true,100,false,false
2026-10-09T23:30:00.316Z,miner-want,,,,,,,,,,,,
2026-10-09T23:30:00.316Z,target,30x,,,,983,,,,,,,
2026-10-09T23:30:00.322Z,gate,30x,,,,,,,,,,,
2026-10-09T23:31:30.447Z,coins-refresh,,,,,,,,,,,,
2026-10-09T23:31:30.473Z,coins-split,,,,,,,,,,,,
2026-10-09T23:31:30.477Z,arm,,,,245,,,,,,,,
2026-10-09T23:31:30.482Z,arm,,,,245,,,,,,,,
2026-10-09T23:31:30.487Z,arm,,,,245,,,,,,,,
2026-10-09T23:31:30.492Z,arm,,,,244,,,,,,,,
2026-10-09T23:31:30.498Z,arm,,,,4,,,,,,,,
2026-10-09T23:45:04.365Z,step-done,30x,,ended,983,,,,5,true,100,false,false
2026-10-09T23:50:00.342Z,miner-want,,,,,,,,,,,,
2026-10-09T23:50:00.343Z,step-done,max,,no-seconds,,,,,0,false,,,
2026-10-10T00:15:00.379Z,miner-want,,,,,,,,,,,,
2026-10-10T00:25:00.434Z,miner-want,,,,,,,,,,,,
2026-10-10T00:25:00.435Z,target,hold,,,,983,,,,,,,
2026-10-10T00:25:00.442Z,gate,hold,,,,,,,,,,,
2026-10-10T00:26:30.615Z,coins-refresh,,,,,,,,,,,,
2026-10-10T00:26:30.639Z,coins-split,,,,,,,,,,,,
2026-10-10T00:26:30.645Z,arm,,,,245,,,,,,,,
2026-10-10T00:26:30.650Z,arm,,,,245,,,,,,,,
2026-10-10T00:26:30.654Z,arm,,,,245,,,,,,,,
2026-10-10T00:26:30.659Z,arm,,,,244,,,,,,,,
2026-10-10T00:26:30.664Z,arm,,,,4,,,,,,,,
2026-10-10T04:45:02.343Z,step-done,hold,,ended,983,,,,5,false,23.9,false,true
2026-10-10T04:45:02.652Z,miner-want,,,,,,,,,,,,
2026-10-10T05:00:00.012Z,skip-past,end,,,,,,,,,,,
2026-10-10T05:00:00.014Z,miner-want,,,,,,,,,,,,
2026-10-10T05:00:01.521Z,clock-end,,,,,,,,,,,,
2026-10-10T05:02:18.846Z,clock-start,,,,,,,,,,,,
2026-10-10T05:02:18.848Z,baseline-restored,,,,,,,,,,,,
2026-10-10T05:02:18.849Z,skip-past,stop-and-health,,,,,,,,,,,
2026-10-10T05:02:18.849Z,skip-past,rehearsal-miners,,,,,,,,,,,
2026-10-10T05:02:18.849Z,skip-past,rehearsal-60,,,,,,,,,,,
2026-10-10T05:02:18.849Z,skip-past,rehearsal-wrap,,,,,,,,,,,
2026-10-10T05:02:18.849Z,skip-past,B0,,,,,,,,,,,
2026-10-10T05:02:18.849Z,skip-past,C1,,,,,,,,,,,
2026-10-10T05:02:18.849Z,skip-past,C2,,,,,,,,,,,
2026-10-10T05:02:18.850Z,skip-past,C3,,,,,,,,,,,
2026-10-10T05:02:18.850Z,skip-past,2x,,,,,,,,,,,
2026-10-10T05:02:18.850Z,skip-past,settle-off,,,,,,,,,,,
2026-10-10T05:02:18.850Z,skip-past,2x-miners-off,,,,,,,,,,,
2026-10-10T05:02:18.850Z,skip-past,settle-on,,,,,,,,,,,
2026-10-10T05:02:18.850Z,skip-past,5x,,,,,,,,,,,
2026-10-10T05:02:18.851Z,skip-past,10x,,,,,,,,,,,
2026-10-10T05:02:18.851Z,skip-past,20x,,,,,,,,,,,
2026-10-10T05:02:18.851Z,skip-past,30x,,,,,,,,,,,
2026-10-10T05:02:18.851Z,skip-past,max,,,,,,,,,,,
2026-10-10T05:02:18.851Z,skip-past,B1,,,,,,,,,,,
2026-10-10T05:02:19.186Z,miner-want,,,,,,,,,,,,
2026-10-10T05:02:19.186Z,target,hold,,,,983,,,,,,,
2026-10-10T05:02:19.199Z,gate,hold,,,,,,,,,,,
2026-10-10T05:02:19.476Z,step-done,hold,,down,983,,,,0,false,23.9,false,true
