minute,tx_sent,rejects,ids_saved,senders,shape,mass
2026-10-09T16:56:00Z,0,,0,0,signed payment,1624
2026-10-09T16:57:00Z,0,,0,0,signed payment,1624
2026-10-09T16:57:00Z,0,,0,0,signed payment,1624
2026-10-09T16:58:00Z,0,,0,0,signed payment,1624
2026-10-09T16:59:00Z,0,,0,0,signed payment,1624
2026-10-09T17:00:00Z,0,,0,0,signed payment,1624
2026-10-09T17:01:00Z,0,,0,0,signed payment,1624
2026-10-09T17:02:00Z,0,,0,0,signed payment,1624
2026-10-09T17:03:00Z,0,,0,0,signed payment,1624
2026-10-09T17:04:00Z,0,,0,0,signed payment,1624
2026-10-09T17:05:00Z,0,,0,0,signed payment,1624
2026-10-09T17:06:00Z,0,,0,0,signed payment,1624
2026-10-09T17:07:00Z,0,,0,0,signed payment,1624
2026-10-09T17:08:00Z,0,,0,0,signed payment,1624
2026-10-09T17:09:00Z,0,,0,0,signed payment,1624
2026-10-09T17:10:00Z,0,,0,0,signed payment,1624
2026-10-09T17:11:00Z,0,,0,0,signed payment,1624
2026-10-09T17:12:00Z,0,,0,0,signed payment,1624
2026-10-09T17:13:00Z,0,,0,0,signed payment,1624
2026-10-09T17:14:00Z,0,,0,0,signed payment,1624
2026-10-09T17:15:00Z,0,,0,0,signed payment,1624
2026-10-09T17:16:00Z,0,,0,0,signed payment,1624
2026-10-09T17:17:00Z,0,,0,0,signed payment,1624
2026-10-09T17:18:00Z,0,,0,0,signed payment,1624
2026-10-09T17:19:00Z,0,,0,0,signed payment,1624
2026-10-09T17:20:00Z,0,,0,0,signed payment,1624
2026-10-09T17:21:00Z,0,,0,0,signed payment,1624
2026-10-09T17:22:00Z,0,,0,0,signed payment,1624
2026-10-09T17:23:00Z,0,0,0,0,signed payment,1624
2026-10-09T17:24:00Z,0,0,0,0,signed payment,1624
2026-10-09T17:25:00Z,0,0,0,0,signed payment,1624
2026-10-09T17:26:00Z,0,0,0,0,signed payment,1624
2026-10-09T17:27:00Z,0,0,0,0,signed payment,1624
2026-10-09T17:28:00Z,0,0,0,0,signed payment,1624
2026-10-09T17:29:00Z,0,0,0,0,signed payment,1624
2026-10-09T17:30:00Z,0,0,0,0,signed payment,1624
2026-10-09T17:31:00Z,0,0,0,0,signed payment,1624
2026-10-09T17:32:00Z,0,0,0,0,signed payment,1624
2026-10-09T17:33:00Z,0,0,0,0,signed payment,1624
2026-10-09T17:34:00Z,0,0,0,0,signed payment,1624
2026-10-09T17:35:00Z,0,0,0,0,signed payment,1624
2026-10-09T17:36:00Z,0,0,0,0,signed payment,1624
2026-10-09T17:37:00Z,0,0,0,0,signed payment,1624
2026-10-09T17:38:00Z,0,0,0,0,signed payment,1624
2026-10-09T17:39:00Z,0,0,0,0,signed payment,1624
2026-10-09T17:40:00Z,0,0,0,0,signed payment,1624
2026-10-09T17:41:00Z,0,0,0,0,signed payment,1624
2026-10-09T17:42:00Z,0,0,0,0,signed payment,1624
2026-10-09T17:43:00Z,0,0,0,0,signed payment,1624
2026-10-09T17:44:00Z,0,0,0,0,signed payment,1624
2026-10-09T17:45:00Z,0,0,0,0,signed payment,1624
2026-10-09T17:46:00Z,0,0,0,0,signed payment,1624
2026-10-09T17:47:00Z,0,0,0,0,signed payment,1624
2026-10-09T17:48:00Z,0,0,0,0,signed payment,1624
2026-10-09T17:49:00Z,0,0,0,0,signed payment,1624
2026-10-09T17:50:00Z,0,0,0,0,signed payment,1624
2026-10-09T17:51:00Z,0,0,0,0,signed payment,1624
2026-10-09T17:52:00Z,0,0,0,0,signed payment,1624
2026-10-09T17:53:00Z,0,0,0,0,signed payment,1624
2026-10-09T17:54:00Z,0,0,0,0,signed payment,1624
2026-10-09T17:55:00Z,0,0,0,0,signed payment,1624
2026-10-09T17:56:00Z,0,0,0,0,signed payment,1624
2026-10-09T17:57:00Z,0,0,0,0,signed payment,1624
2026-10-09T17:58:00Z,0,0,0,0,signed payment,1624
2026-10-09T17:59:00Z,0,0,0,0,signed payment,1624
2026-10-09T18:00:00Z,0,0,0,0,signed payment,1624
2026-10-09T18:01:00Z,0,0,0,0,signed payment,1624
2026-10-09T18:02:00Z,0,0,0,0,signed payment,1624
2026-10-09T18:03:00Z,0,0,0,0,signed payment,1624
2026-10-09T18:04:00Z,0,0,0,0,signed payment,1624
2026-10-09T18:05:00Z,0,0,0,0,signed payment,1624
2026-10-09T18:06:00Z,0,0,0,0,signed payment,1624
2026-10-09T18:07:00Z,0,0,0,0,signed payment,1624
2026-10-09T18:08:00Z,0,0,0,0,signed payment,1624
2026-10-09T18:09:00Z,0,0,0,0,signed payment,1624
2026-10-09T18:10:00Z,0,0,0,0,signed payment,1624
2026-10-09T18:11:00Z,0,0,0,0,signed payment,1624
2026-10-09T18:12:00Z,0,0,0,0,signed payment,1624
2026-10-09T18:13:00Z,0,0,0,0,signed payment,1624
2026-10-09T18:14:00Z,0,0,0,0,signed payment,1624
2026-10-09T18:15:00Z,0,0,0,0,signed payment,1624
2026-10-09T18:16:00Z,0,0,0,0,signed payment,1624
2026-10-09T18:17:00Z,0,0,0,0,signed payment,1624
2026-10-09T18:18:00Z,0,0,0,0,signed payment,1624
2026-10-09T18:19:00Z,0,0,0,0,signed payment,1624
2026-10-09T18:20:00Z,0,0,0,0,signed payment,1624
2026-10-09T18:21:00Z,0,0,0,0,signed payment,1624
2026-10-09T18:22:00Z,0,0,0,0,signed payment,1624
2026-10-09T18:23:00Z,0,0,0,0,signed payment,1624
2026-10-09T18:24:00Z,0,0,0,0,signed payment,1624
2026-10-09T18:25:00Z,0,0,0,0,signed payment,1624
2026-10-09T18:26:00Z,0,0,0,0,signed payment,1624
2026-10-09T18:27:00Z,0,0,0,0,signed payment,1624
2026-10-09T18:28:00Z,0,0,0,0,signed payment,1624
2026-10-09T18:29:00Z,0,0,0,0,signed payment,1624
2026-10-09T18:30:00Z,0,0,0,0,signed payment,1624
2026-10-09T18:31:00Z,0,0,0,0,signed payment,1624
2026-10-09T18:32:00Z,0,0,0,0,signed payment,1624
2026-10-09T18:33:00Z,0,0,0,0,signed payment,1624
2026-10-09T18:34:00Z,0,0,0,0,signed payment,1624
2026-10-09T18:35:00Z,0,0,0,0,signed payment,1624
2026-10-09T18:36:00Z,0,0,0,0,signed payment,1624
2026-10-09T18:37:00Z,0,0,0,0,signed payment,1624
2026-10-09T18:38:00Z,0,0,0,0,signed payment,1624
2026-10-09T18:39:00Z,0,0,0,0,signed payment,1624
2026-10-09T18:40:00Z,0,0,0,0,signed payment,1624
2026-10-09T18:41:00Z,0,0,0,0,signed payment,1624
2026-10-09T18:42:00Z,0,0,0,0,signed payment,1624
2026-10-09T18:43:00Z,0,0,0,0,signed payment,1624
2026-10-09T18:44:00Z,0,0,0,0,signed payment,1624
2026-10-09T18:45:00Z,0,0,0,0,signed payment,1624
2026-10-09T18:46:00Z,0,0,0,0,signed payment,1624
2026-10-09T18:47:00Z,0,0,0,0,signed payment,1624
2026-10-09T18:48:00Z,0,0,0,0,signed payment,1624
2026-10-09T18:49:00Z,0,0,0,0,signed payment,1624
2026-10-09T18:50:00Z,0,0,0,0,signed payment,1624
2026-10-09T18:51:00Z,0,0,0,0,signed payment,1624
2026-10-09T18:52:00Z,0,0,0,0,signed payment,1624
2026-10-09T18:53:00Z,0,0,0,0,signed payment,1624
2026-10-09T18:54:00Z,0,0,0,0,signed payment,1624
2026-10-09T18:55:00Z,0,0,0,0,signed payment,1624
2026-10-09T18:56:00Z,0,0,0,0,signed payment,1624
2026-10-09T18:57:00Z,0,0,0,0,signed payment,1624
2026-10-09T18:58:00Z,0,0,0,0,signed payment,1624
2026-10-09T18:59:00Z,0,0,0,0,signed payment,1624
2026-10-09T19:00:00Z,0,0,0,0,signed payment,1624
2026-10-09T19:01:00Z,0,0,0,0,signed payment,1624
2026-10-09T19:02:00Z,0,0,0,0,signed payment,1624
2026-10-09T19:03:00Z,0,0,0,0,signed payment,1624
2026-10-09T19:04:00Z,0,0,0,0,signed payment,1624
2026-10-09T19:05:00Z,0,0,0,0,signed payment,1624
2026-10-09T19:06:00Z,0,0,0,0,signed payment,1624
2026-10-09T19:07:00Z,0,0,0,0,signed payment,1624
2026-10-09T19:08:00Z,0,0,0,0,signed payment,1624
2026-10-09T19:09:00Z,0,0,0,0,signed payment,1624
2026-10-09T19:10:00Z,0,0,0,0,signed payment,1624
2026-10-09T19:11:00Z,0,0,0,0,signed payment,1624
2026-10-09T19:12:00Z,0,0,0,0,signed payment,1624
2026-10-09T19:13:00Z,0,0,0,0,signed payment,1624
2026-10-09T19:14:00Z,0,0,0,0,signed payment,1624
2026-10-09T19:15:00Z,0,0,0,0,signed payment,1624
2026-10-09T19:16:00Z,0,0,0,0,signed payment,1624
2026-10-09T19:17:00Z,0,0,0,0,signed payment,1624
2026-10-09T19:18:00Z,0,0,0,0,signed payment,1624
2026-10-09T19:19:00Z,0,0,0,0,signed payment,1624
2026-10-09T19:20:00Z,0,0,0,0,signed payment,1624
2026-10-09T19:21:00Z,0,0,0,0,signed payment,1624
2026-10-09T19:22:00Z,0,0,0,0,signed payment,1624
2026-10-09T19:23:00Z,0,0,0,0,signed payment,1624
2026-10-09T19:24:00Z,0,0,0,0,signed payment,1624
2026-10-09T19:25:00Z,0,0,0,0,signed payment,1624
2026-10-09T19:26:00Z,0,0,0,0,signed payment,1624
2026-10-09T19:27:00Z,0,0,0,0,signed payment,1624
2026-10-09T19:28:00Z,0,0,0,0,signed payment,1624
2026-10-09T19:29:00Z,0,0,0,0,signed payment,1624
2026-10-09T19:30:00Z,0,0,0,0,signed payment,1624
2026-10-09T19:31:00Z,0,0,0,0,signed payment,1624
2026-10-09T19:32:00Z,0,0,0,0,signed payment,1624
2026-10-09T19:33:00Z,0,0,0,0,signed payment,1624
2026-10-09T19:34:00Z,0,0,0,0,signed payment,1624
2026-10-09T19:35:00Z,0,0,0,0,signed payment,1624
2026-10-09T19:36:00Z,0,0,0,0,signed payment,1624
2026-10-09T19:37:00Z,0,0,0,0,signed payment,1624
2026-10-09T19:38:00Z,0,0,0,0,signed payment,1624
2026-10-09T19:39:00Z,0,0,0,0,signed payment,1624
2026-10-09T19:40:00Z,0,0,0,0,signed payment,1624
2026-10-09T19:41:00Z,0,0,0,0,signed payment,1624
2026-10-09T19:42:00Z,0,0,0,0,signed payment,1624
2026-10-09T19:43:00Z,0,0,0,0,signed payment,1624
2026-10-09T19:44:00Z,0,0,0,0,signed payment,1624
2026-10-09T19:45:00Z,0,0,0,0,signed payment,1624
2026-10-09T19:46:00Z,0,0,0,0,signed payment,1624
2026-10-09T19:47:00Z,0,0,0,0,signed payment,1624
2026-10-09T19:48:00Z,0,0,0,0,signed payment,1624
2026-10-09T19:49:00Z,0,0,0,0,signed payment,1624
2026-10-09T19:50:00Z,0,0,0,0,signed payment,1624
2026-10-09T19:51:00Z,0,0,0,0,signed payment,1624
2026-10-09T19:52:00Z,0,0,0,0,signed payment,1624
2026-10-09T19:53:00Z,0,0,0,0,signed payment,1624
2026-10-09T19:54:00Z,0,0,0,0,signed payment,1624
2026-10-09T19:55:00Z,0,0,0,0,signed payment,1624
2026-10-09T19:56:00Z,0,0,0,0,signed payment,1624
2026-10-09T19:57:00Z,0,0,0,0,signed payment,1624
2026-10-09T19:58:00Z,0,0,0,0,signed payment,1624
2026-10-09T19:59:00Z,0,0,0,0,signed payment,1624
2026-10-09T20:00:00Z,0,0,0,0,signed payment,1624
2026-10-09T20:01:00Z,0,0,0,0,signed payment,1624
2026-10-09T20:02:00Z,0,0,0,0,signed payment,1624
2026-10-09T20:03:00Z,0,0,0,0,signed payment,1624
2026-10-09T20:04:00Z,0,0,0,0,signed payment,1624
2026-10-09T20:05:00Z,0,0,0,0,signed payment,1624
2026-10-09T20:06:00Z,0,0,0,0,signed payment,1624
2026-10-09T20:07:00Z,0,0,0,0,signed payment,1624
2026-10-09T20:08:00Z,0,0,0,0,signed payment,1624
2026-10-09T20:09:00Z,0,0,0,0,signed payment,1624
2026-10-09T20:10:00Z,0,0,0,0,signed payment,1624
2026-10-09T20:11:00Z,0,0,0,0,signed payment,1624
2026-10-09T20:12:00Z,0,0,0,0,signed payment,1624
2026-10-09T20:13:00Z,0,0,0,0,signed payment,1624
2026-10-09T20:14:00Z,0,0,0,0,signed payment,1624
2026-10-09T20:15:00Z,0,0,0,0,signed payment,1624
2026-10-09T20:16:00Z,0,0,0,0,signed payment,1624
2026-10-09T20:17:00Z,0,0,0,0,signed payment,1624
2026-10-09T20:18:00Z,0,0,0,0,signed payment,1624
2026-10-09T20:19:00Z,0,0,0,0,signed payment,1624
2026-10-09T20:20:00Z,0,0,0,0,signed payment,1624
2026-10-09T20:21:00Z,0,0,0,0,signed payment,1624
2026-10-09T20:22:00Z,0,0,0,0,signed payment,1624
2026-10-09T20:23:00Z,0,0,0,0,signed payment,1624
2026-10-09T20:24:00Z,0,0,0,0,signed payment,1624
2026-10-09T20:25:00Z,0,0,0,0,signed payment,1624
2026-10-09T20:26:00Z,0,0,0,0,signed payment,1624
2026-10-09T20:27:00Z,0,0,0,0,signed payment,1624
2026-10-09T20:28:00Z,0,0,0,0,signed payment,1624
2026-10-09T20:29:00Z,0,0,0,0,signed payment,1624
2026-10-09T20:30:00Z,0,0,0,0,signed payment,1624
2026-10-09T20:31:00Z,0,0,0,0,signed payment,1624
2026-10-09T20:32:00Z,0,0,0,0,signed payment,1624
2026-10-09T20:33:00Z,0,0,0,0,signed payment,1624
2026-10-09T20:34:00Z,0,0,0,0,signed payment,1624
2026-10-09T20:35:00Z,0,0,0,0,signed payment,1624
2026-10-09T20:36:00Z,0,0,0,0,signed payment,1624
2026-10-09T20:37:00Z,0,0,0,0,signed payment,1624
2026-10-09T20:38:00Z,0,0,0,0,signed payment,1624
2026-10-09T20:39:00Z,0,0,0,0,signed payment,1624
2026-10-09T20:40:00Z,0,0,0,0,signed payment,1624
2026-10-09T20:41:00Z,0,0,0,0,signed payment,1624
2026-10-09T20:42:00Z,0,0,0,0,signed payment,1624
2026-10-09T20:43:00Z,0,0,0,0,signed payment,1624
2026-10-09T20:44:00Z,0,0,0,0,signed payment,1624
2026-10-09T20:45:00Z,0,0,0,0,signed payment,1624
2026-10-09T20:46:00Z,0,0,0,0,signed payment,1624
2026-10-09T20:47:00Z,0,0,0,0,signed payment,1624
2026-10-09T20:48:00Z,0,0,0,0,signed payment,1624
2026-10-09T20:49:00Z,0,0,0,0,signed payment,1624
2026-10-09T20:50:00Z,0,0,0,0,signed payment,1624
2026-10-09T20:51:00Z,0,0,0,0,signed payment,1624
2026-10-09T20:52:00Z,0,0,0,0,signed payment,1624
2026-10-09T20:53:00Z,1680,0,25,5,signed payment,1624
2026-10-09T20:54:00Z,1680,0,25,5,signed payment,1624
2026-10-09T20:55:00Z,1726,0,25,5,signed payment,1624
2026-10-09T20:56:00Z,1680,0,25,5,signed payment,1624
2026-10-09T20:57:00Z,1680,0,25,5,signed payment,1624
2026-10-09T20:58:00Z,1680,0,25,5,signed payment,1624
2026-10-09T20:59:00Z,0,0,0,0,signed payment,1624
2026-10-09T21:00:00Z,0,0,0,0,signed payment,1624
2026-10-09T21:01:00Z,0,0,0,0,signed payment,1624
2026-10-09T21:02:00Z,0,0,0,0,signed payment,1624
2026-10-09T21:03:00Z,0,0,0,0,signed payment,1624
2026-10-09T21:04:00Z,0,0,0,0,signed payment,1624
2026-10-09T21:05:00Z,0,0,0,0,signed payment,1624
2026-10-09T21:06:00Z,0,0,0,0,signed payment,1624
2026-10-09T21:07:00Z,0,0,0,0,signed payment,1624
2026-10-09T21:08:00Z,0,0,0,0,signed payment,1624
2026-10-09T21:09:00Z,0,0,0,0,signed payment,1624
2026-10-09T21:10:00Z,0,0,0,0,signed payment,1624
2026-10-09T21:11:00Z,0,0,0,0,signed payment,1624
2026-10-09T21:12:00Z,0,0,0,0,signed payment,1624
2026-10-09T21:13:00Z,0,0,0,0,signed payment,1624
2026-10-09T21:14:00Z,0,0,0,0,signed payment,1624
2026-10-09T21:15:00Z,0,0,0,0,signed payment,1624
2026-10-09T21:16:00Z,0,0,0,0,signed payment,1624
2026-10-09T21:17:00Z,0,0,0,0,signed payment,1624
2026-10-09T21:18:00Z,0,0,0,0,signed payment,1624
2026-10-09T21:19:00Z,0,0,0,0,signed payment,1624
2026-10-09T21:20:00Z,328904,328904,25,5,signed payment,1624
2026-10-09T21:21:00Z,321074,321074,25,5,signed payment,1624
2026-10-09T21:22:00Z,329448,329448,25,5,signed payment,1624
2026-10-09T21:23:00Z,322131,322131,25,5,signed payment,1624
2026-10-09T21:24:00Z,325718,325718,25,5,signed payment,1624
2026-10-09T21:25:00Z,309058,309058,25,5,signed payment,1624
2026-10-09T21:26:00Z,326271,326271,25,5,signed payment,1624
2026-10-09T21:27:00Z,326981,326981,25,5,signed payment,1624
2026-10-09T21:28:00Z,308511,308511,25,5,signed payment,1624
2026-10-09T21:29:00Z,313189,313189,25,5,signed payment,1624
2026-10-09T21:29:00Z,27040,27040,25,5,signed payment,1624
2026-10-09T21:31:00Z,0,0,0,0,signed payment,1624
2026-10-09T21:32:00Z,0,0,0,0,signed payment,1624
2026-10-09T21:33:00Z,0,0,0,0,signed payment,1624
2026-10-09T21:34:00Z,0,0,0,0,signed payment,1624
2026-10-09T21:34:00Z,0,0,0,0,signed payment,1624
2026-10-09T21:35:00Z,0,0,0,0,signed payment,1624
2026-10-09T21:35:00Z,0,0,0,0,signed payment,1624
2026-10-09T21:36:00Z,0,0,0,0,signed payment,1624
2026-10-09T21:36:00Z,0,0,0,0,signed payment,1624
2026-10-09T21:37:00Z,0,0,0,0,signed payment,1624
2026-10-09T21:38:00Z,0,0,0,0,signed payment,1624
2026-10-09T21:39:00Z,0,0,0,0,signed payment,1624
2026-10-09T21:40:00Z,0,0,0,0,signed payment,1624
2026-10-09T21:41:00Z,0,0,0,0,signed payment,1624
2026-10-09T21:42:00Z,0,0,0,0,signed payment,1624
2026-10-09T21:43:00Z,0,0,0,0,signed payment,1624
2026-10-09T21:44:00Z,0,0,0,0,signed payment,1624
2026-10-09T21:45:00Z,0,0,0,0,signed payment,1624
2026-10-09T21:46:00Z,301,0,20,4,signed payment,1624
2026-10-09T21:47:00Z,413,0,20,4,signed payment,1624
2026-10-09T21:48:00Z,0,0,0,0,signed payment,1624
2026-10-09T21:49:00Z,0,0,0,0,signed payment,1624
2026-10-09T21:50:00Z,0,0,0,0,signed payment,1624
2026-10-09T21:51:00Z,0,0,0,0,signed payment,1624
2026-10-09T21:52:00Z,0,0,0,0,signed payment,1624
2026-10-09T21:53:00Z,140,0,20,4,signed payment,1624
2026-10-09T21:54:00Z,350,0,20,4,signed payment,1624
2026-10-09T21:55:00Z,0,0,0,0,signed payment,1624
2026-10-09T21:56:00Z,0,0,0,0,signed payment,1624
2026-10-09T21:57:00Z,0,0,0,0,signed payment,1624
2026-10-09T21:58:00Z,0,0,0,0,signed payment,1624
2026-10-09T21:59:00Z,0,0,0,0,signed payment,1624
2026-10-09T22:00:00Z,0,0,0,0,signed payment,1624
2026-10-09T22:01:00Z,0,0,0,0,signed payment,1624
2026-10-09T22:02:00Z,0,0,0,0,signed payment,1624
2026-10-09T22:03:00Z,0,0,0,0,signed payment,1624
2026-10-09T22:04:00Z,0,0,0,0,signed payment,1624
2026-10-09T22:05:00Z,0,0,0,0,signed payment,1624
2026-10-09T22:06:00Z,210,0,20,4,signed payment,1624
2026-10-09T22:07:00Z,350,0,20,4,signed payment,1624
2026-10-09T22:08:00Z,351,0,20,4,signed payment,1624
2026-10-09T22:09:00Z,350,0,20,4,signed payment,1624
2026-10-09T22:10:00Z,350,0,20,4,signed payment,1624
2026-10-09T22:11:00Z,356,0,20,4,signed payment,1624
2026-10-09T22:12:00Z,350,0,20,4,signed payment,1624
2026-10-09T22:13:00Z,356,0,20,4,signed payment,1624
2026-10-09T22:14:00Z,350,0,20,4,signed payment,1624
2026-10-09T22:15:00Z,355,0,20,4,signed payment,1624
2026-10-09T22:16:00Z,350,0,20,4,signed payment,1624
2026-10-09T22:17:00Z,350,0,20,4,signed payment,1624
2026-10-09T22:18:00Z,350,0,20,4,signed payment,1624
2026-10-09T22:19:00Z,350,0,20,4,signed payment,1624
2026-10-09T22:20:00Z,0,0,0,0,signed payment,1624
2026-10-09T22:21:00Z,0,0,0,0,signed payment,1624
2026-10-09T22:22:00Z,0,0,0,0,signed payment,1624
2026-10-09T22:23:00Z,0,0,0,0,signed payment,1624
2026-10-09T22:24:00Z,0,0,0,0,signed payment,1624
2026-10-09T22:25:00Z,0,0,0,0,signed payment,1624
2026-10-09T22:26:00Z,0,0,0,0,signed payment,1624
2026-10-09T22:27:00Z,0,0,0,0,signed payment,1624
2026-10-09T22:28:00Z,0,0,0,0,signed payment,1624
2026-10-09T22:29:00Z,0,0,0,0,signed payment,1624
2026-10-09T22:30:00Z,0,0,0,0,signed payment,1624
2026-10-09T22:31:00Z,4292,0,25,5,signed payment,1624
2026-10-09T22:32:00Z,7400,0,25,5,signed payment,1624
2026-10-09T22:33:00Z,7400,0,25,5,signed payment,1624
2026-10-09T22:34:00Z,7436,0,25,5,signed payment,1624
2026-10-09T22:35:00Z,7400,0,25,5,signed payment,1624
2026-10-09T22:36:00Z,7400,0,25,5,signed payment,1624
2026-10-09T22:37:00Z,7400,0,25,5,signed payment,1624
2026-10-09T22:38:00Z,7400,0,25,5,signed payment,1624
2026-10-09T22:39:00Z,7400,0,25,5,signed payment,1624
2026-10-09T22:40:00Z,7400,0,25,5,signed payment,1624
2026-10-09T22:41:00Z,7400,0,25,5,signed payment,1624
2026-10-09T22:42:00Z,7400,0,25,5,signed payment,1624
2026-10-09T22:43:00Z,7400,0,25,5,signed payment,1624
2026-10-09T22:44:00Z,7400,0,25,5,signed payment,1624
2026-10-09T22:45:00Z,0,0,0,0,signed payment,1624
2026-10-09T22:46:00Z,0,0,0,0,signed payment,1624
2026-10-09T22:47:00Z,0,0,0,0,signed payment,1624
2026-10-09T22:48:00Z,0,0,0,0,signed payment,1624
2026-10-09T22:49:00Z,0,0,0,0,signed payment,1624
2026-10-09T22:50:00Z,0,0,0,0,signed payment,1624
2026-10-09T22:51:00Z,10770,0,25,5,signed payment,1624
2026-10-09T22:52:00Z,18150,0,25,5,signed payment,1624
2026-10-09T22:53:00Z,18150,0,25,5,signed payment,1624
2026-10-09T22:54:00Z,18138,0,25,5,signed payment,1624
2026-10-09T22:55:00Z,18150,0,25,5,signed payment,1624
2026-10-09T22:56:00Z,18150,0,25,5,signed payment,1624
2026-10-09T22:57:00Z,18060,0,25,5,signed payment,1624
2026-10-09T22:58:00Z,18150,0,25,5,signed payment,1624
2026-10-09T22:59:00Z,18150,0,25,5,signed payment,1624
2026-10-09T23:00:00Z,18150,0,25,5,signed payment,1624
2026-10-09T23:01:00Z,18150,0,25,5,signed payment,1624
2026-10-09T23:02:00Z,17970,0,25,5,signed payment,1624
2026-10-09T23:03:00Z,18150,0,25,5,signed payment,1624
2026-10-09T23:04:00Z,18150,0,25,5,signed payment,1624
2026-10-09T23:05:00Z,0,0,0,0,signed payment,1624
2026-10-09T23:06:00Z,0,0,0,0,signed payment,1624
2026-10-09T23:07:00Z,0,0,0,0,signed payment,1624
2026-10-09T23:08:00Z,0,0,0,0,signed payment,1624
2026-10-09T23:09:00Z,0,0,0,0,signed payment,1624
2026-10-09T23:10:00Z,0,0,0,0,signed payment,1624
2026-10-09T23:11:00Z,8006,0,25,5,signed payment,1624
2026-10-09T23:12:00Z,39650,0,25,5,signed payment,1624
2026-10-09T23:13:00Z,39650,0,25,5,signed payment,1624
2026-10-09T23:14:00Z,38857,0,25,5,signed payment,1624
2026-10-09T23:15:00Z,39650,0,25,5,signed payment,1624
2026-10-09T23:16:00Z,39650,0,25,5,signed payment,1624
2026-10-09T23:17:00Z,39002,0,25,5,signed payment,1624
2026-10-09T23:18:00Z,39433,0,25,5,signed payment,1624
2026-10-09T23:19:00Z,39449,0,25,5,signed payment,1624
2026-10-09T23:20:00Z,39199,0,25,5,signed payment,1624
2026-10-09T23:21:00Z,39650,0,25,5,signed payment,1624
2026-10-09T23:22:00Z,39449,0,25,5,signed payment,1624
2026-10-09T23:23:00Z,39058,0,25,5,signed payment,1624
2026-10-09T23:24:00Z,39453,0,25,5,signed payment,1624
2026-10-09T23:25:00Z,0,0,0,0,signed payment,1624
2026-10-09T23:26:00Z,0,0,0,0,signed payment,1624
2026-10-09T23:27:00Z,0,0,0,0,signed payment,1624
2026-10-09T23:28:00Z,0,0,0,0,signed payment,1624
2026-10-09T23:29:00Z,0,0,0,0,signed payment,1624
2026-10-09T23:30:00Z,0,0,0,0,signed payment,1624
2026-10-09T23:31:00Z,6131,0,25,5,signed payment,1624
2026-10-09T23:32:00Z,49150,0,25,5,signed payment,1624
2026-10-09T23:33:00Z,48582,0,25,5,signed payment,1624
2026-10-09T23:34:00Z,48167,0,25,5,signed payment,1624
2026-10-09T23:35:00Z,48894,0,25,5,signed payment,1624
2026-10-09T23:36:00Z,48855,0,25,5,signed payment,1624
2026-10-09T23:37:00Z,48167,0,25,5,signed payment,1624
2026-10-09T23:38:00Z,48590,0,25,5,signed payment,1624
2026-10-09T23:39:00Z,48962,0,25,5,signed payment,1624
2026-10-09T23:40:00Z,48661,0,25,5,signed payment,1624
2026-10-09T23:41:00Z,48520,0,25,5,signed payment,1624
2026-10-09T23:42:00Z,48796,0,25,5,signed payment,1624
2026-10-09T23:43:00Z,48661,0,25,5,signed payment,1624
2026-10-09T23:44:00Z,48656,0,25,5,signed payment,1624
2026-10-09T23:45:00Z,0,0,0,0,signed payment,1624
2026-10-09T23:46:00Z,0,0,0,0,signed payment,1624
2026-10-09T23:47:00Z,0,0,0,0,signed payment,1624
2026-10-09T23:48:00Z,0,0,0,0,signed payment,1624
2026-10-09T23:49:00Z,0,0,0,0,signed payment,1624
2026-10-09T23:50:00Z,0,0,0,0,signed payment,1624
2026-10-09T23:51:00Z,0,0,0,0,signed payment,1624
2026-10-09T23:52:00Z,0,0,0,0,signed payment,1624
2026-10-09T23:53:00Z,0,0,0,0,signed payment,1624
2026-10-09T23:54:00Z,0,0,0,0,signed payment,1624
2026-10-09T23:55:00Z,0,0,0,0,signed payment,1624
2026-10-09T23:56:00Z,0,0,0,0,signed payment,1624
2026-10-09T23:57:00Z,0,0,0,0,signed payment,1624
2026-10-09T23:58:00Z,0,0,0,0,signed payment,1624
2026-10-09T23:59:00Z,0,0,0,0,signed payment,1624
2026-10-10T00:00:00Z,0,0,0,0,signed payment,1624
2026-10-10T00:01:00Z,0,0,0,0,signed payment,1624
2026-10-10T00:02:00Z,0,0,0,0,signed payment,1624
2026-10-10T00:03:00Z,0,0,0,0,signed payment,1624
2026-10-10T00:04:00Z,0,0,0,0,signed payment,1624
2026-10-10T00:05:00Z,0,0,0,0,signed payment,1624
2026-10-10T00:06:00Z,0,0,0,0,signed payment,1624
2026-10-10T00:07:00Z,0,0,0,0,signed payment,1624
2026-10-10T00:08:00Z,0,0,0,0,signed payment,1624
2026-10-10T00:09:00Z,0,0,0,0,signed payment,1624
2026-10-10T00:10:00Z,0,0,0,0,signed payment,1624
2026-10-10T00:11:00Z,0,0,0,0,signed payment,1624
2026-10-10T00:12:00Z,0,0,0,0,signed payment,1624
2026-10-10T00:13:00Z,0,0,0,0,signed payment,1624
2026-10-10T00:14:00Z,0,0,0,0,signed payment,1624
2026-10-10T00:15:00Z,0,0,0,0,signed payment,1624
2026-10-10T00:16:00Z,0,0,0,0,signed payment,1624
2026-10-10T00:17:00Z,0,0,0,0,signed payment,1624
2026-10-10T00:18:00Z,0,0,0,0,signed payment,1624
2026-10-10T00:19:00Z,0,0,0,0,signed payment,1624
2026-10-10T00:20:00Z,0,0,0,0,signed payment,1624
2026-10-10T00:21:00Z,0,0,0,0,signed payment,1624
2026-10-10T00:22:00Z,0,0,0,0,signed payment,1624
2026-10-10T00:23:00Z,0,0,0,0,signed payment,1624
2026-10-10T00:24:00Z,0,0,0,0,signed payment,1624
2026-10-10T00:25:00Z,0,0,0,0,signed payment,1624
2026-10-10T00:26:00Z,5960,0,25,5,signed payment,1624
2026-10-10T00:27:00Z,49150,0,25,5,signed payment,1624
2026-10-10T00:28:00Z,48167,0,25,5,signed payment,1624
2026-10-10T00:29:00Z,48235,0,25,5,signed payment,1624
2026-10-10T00:30:00Z,48660,0,25,5,signed payment,1624
2026-10-10T00:31:00Z,48167,0,25,5,signed payment,1624
2026-10-10T00:32:00Z,48167,0,25,5,signed payment,1624
2026-10-10T00:33:00Z,48648,0,25,5,signed payment,1624
2026-10-10T00:34:00Z,48167,0,25,5,signed payment,1624
2026-10-10T00:35:00Z,48514,0,25,5,signed payment,1624
2026-10-10T00:36:00Z,48167,0,25,5,signed payment,1624
2026-10-10T00:37:00Z,48167,0,25,5,signed payment,1624
2026-10-10T00:38:00Z,48460,0,25,5,signed payment,1624
2026-10-10T00:39:00Z,48167,0,25,5,signed payment,1624
2026-10-10T00:40:00Z,48657,0,25,5,signed payment,1624
2026-10-10T00:41:00Z,48493,0,25,5,signed payment,1624
2026-10-10T00:42:00Z,48167,0,25,5,signed payment,1624
2026-10-10T00:43:00Z,48280,0,25,5,signed payment,1624
2026-10-10T00:44:00Z,48167,0,25,5,signed payment,1624
2026-10-10T00:45:00Z,48644,0,25,5,signed payment,1624
2026-10-10T00:46:00Z,48332,0,25,5,signed payment,1624
2026-10-10T00:47:00Z,48167,0,25,5,signed payment,1624
2026-10-10T00:48:00Z,48532,0,25,5,signed payment,1624
2026-10-10T00:49:00Z,48167,0,25,5,signed payment,1624
2026-10-10T00:50:00Z,48591,0,25,5,signed payment,1624
2026-10-10T00:51:00Z,48167,0,25,5,signed payment,1624
2026-10-10T00:52:00Z,48167,0,25,5,signed payment,1624
2026-10-10T00:53:00Z,48423,0,25,5,signed payment,1624
2026-10-10T00:54:00Z,48167,0,25,5,signed payment,1624
2026-10-10T00:55:00Z,48171,0,25,5,signed payment,1624
2026-10-10T00:56:00Z,48167,0,25,5,signed payment,1624
2026-10-10T00:57:00Z,48167,0,25,5,signed payment,1624
2026-10-10T00:58:00Z,48167,0,25,5,signed payment,1624
2026-10-10T00:59:00Z,48167,0,25,5,signed payment,1624
2026-10-10T01:00:00Z,48200,0,25,5,signed payment,1624
2026-10-10T01:01:00Z,48219,0,25,5,signed payment,1624
2026-10-10T01:02:00Z,48329,0,25,5,signed payment,1624
2026-10-10T01:03:00Z,48185,0,25,5,signed payment,1624
2026-10-10T01:04:00Z,48134,0,25,5,signed payment,1624
2026-10-10T01:05:00Z,48167,0,25,5,signed payment,1624
2026-10-10T01:06:00Z,48167,0,25,5,signed payment,1624
2026-10-10T01:07:00Z,48167,0,25,5,signed payment,1624
2026-10-10T01:08:00Z,48167,0,25,5,signed payment,1624
2026-10-10T01:09:00Z,48167,0,25,5,signed payment,1624
2026-10-10T01:10:00Z,47642,0,25,5,signed payment,1624
2026-10-10T01:11:00Z,48167,0,25,5,signed payment,1624
2026-10-10T01:12:00Z,48167,0,25,5,signed payment,1624
2026-10-10T01:13:00Z,48167,0,25,5,signed payment,1624
2026-10-10T01:14:00Z,48153,0,25,5,signed payment,1624
2026-10-10T01:15:00Z,48167,0,25,5,signed payment,1624
2026-10-10T01:16:00Z,48167,0,25,5,signed payment,1624
2026-10-10T01:17:00Z,48167,0,25,5,signed payment,1624
2026-10-10T01:18:00Z,47995,0,25,5,signed payment,1624
2026-10-10T01:19:00Z,48167,0,25,5,signed payment,1624
2026-10-10T01:20:00Z,47923,0,25,5,signed payment,1624
2026-10-10T01:21:00Z,48167,0,25,5,signed payment,1624
2026-10-10T01:22:00Z,48127,0,25,5,signed payment,1624
2026-10-10T01:23:00Z,47970,0,25,5,signed payment,1624
2026-10-10T01:24:00Z,48167,0,25,5,signed payment,1624
2026-10-10T01:25:00Z,47873,0,25,5,signed payment,1624
2026-10-10T01:26:00Z,48167,0,25,5,signed payment,1624
2026-10-10T01:27:00Z,48167,0,25,5,signed payment,1624
2026-10-10T01:28:00Z,557364,541146,25,5,signed payment,1624
2026-10-10T01:29:00Z,1119784,1119784,25,5,signed payment,1624
2026-10-10T01:30:00Z,1105979,1105979,25,5,signed payment,1624
2026-10-10T01:31:00Z,1105371,1105371,25,5,signed payment,1624
2026-10-10T01:32:00Z,1070032,1070032,25,5,signed payment,1624
2026-10-10T01:33:00Z,1071542,1071542,25,5,signed payment,1624
2026-10-10T01:34:00Z,1077229,1077229,25,5,signed payment,1624
2026-10-10T01:35:00Z,1074195,1074195,25,5,signed payment,1624
2026-10-10T01:36:00Z,1094850,1094850,25,5,signed payment,1624
2026-10-10T01:37:00Z,1015305,1015305,25,5,signed payment,1624
2026-10-10T01:38:00Z,1073411,1073411,25,5,signed payment,1624
2026-10-10T01:39:00Z,1075924,1075924,25,5,signed payment,1624
2026-10-10T01:40:00Z,1064243,1064243,25,5,signed payment,1624
2026-10-10T01:41:00Z,1062313,1062313,25,5,signed payment,1624
2026-10-10T01:42:00Z,1074345,1074345,25,5,signed payment,1624
2026-10-10T01:43:00Z,1077561,1077561,25,5,signed payment,1624
2026-10-10T01:44:00Z,1073661,1073661,25,5,signed payment,1624
2026-10-10T01:45:00Z,1071997,1071997,25,5,signed payment,1624
2026-10-10T01:46:00Z,1026676,1026676,25,5,signed payment,1624
2026-10-10T01:47:00Z,1021836,1021836,25,5,signed payment,1624
2026-10-10T01:48:00Z,1038450,1038450,25,5,signed payment,1624
2026-10-10T01:49:00Z,1004055,1004055,25,5,signed payment,1624
2026-10-10T01:50:00Z,1029952,1029952,25,5,signed payment,1624
2026-10-10T01:51:00Z,1023873,1023873,25,5,signed payment,1624
2026-10-10T01:52:00Z,1017216,1017216,25,5,signed payment,1624
2026-10-10T01:53:00Z,1048956,1048956,25,5,signed payment,1624
2026-10-10T01:54:00Z,1032528,1032528,25,5,signed payment,1624
2026-10-10T01:55:00Z,1035551,1035551,25,5,signed payment,1624
2026-10-10T01:56:00Z,1023704,1023704,25,5,signed payment,1624
2026-10-10T01:57:00Z,1036695,1036695,25,5,signed payment,1624
2026-10-10T01:58:00Z,1050184,1050184,25,5,signed payment,1624
2026-10-10T01:59:00Z,1088629,1088629,25,5,signed payment,1624
2026-10-10T02:00:00Z,1100389,1100389,25,5,signed payment,1624
2026-10-10T02:01:00Z,1093332,1093332,25,5,signed payment,1624
2026-10-10T02:02:00Z,1060268,1060268,25,5,signed payment,1624
2026-10-10T02:03:00Z,1083186,1083186,25,5,signed payment,1624
2026-10-10T02:04:00Z,1089029,1089029,25,5,signed payment,1624
2026-10-10T02:05:00Z,1061521,1061521,25,5,signed payment,1624
2026-10-10T02:06:00Z,1073545,1073545,25,5,signed payment,1624
2026-10-10T02:07:00Z,1048109,1048109,25,5,signed payment,1624
2026-10-10T02:08:00Z,1064208,1064208,25,5,signed payment,1624
2026-10-10T02:09:00Z,1073856,1073856,25,5,signed payment,1624
2026-10-10T02:10:00Z,1077615,1077615,25,5,signed payment,1624
2026-10-10T02:11:00Z,1098519,1098519,25,5,signed payment,1624
2026-10-10T02:12:00Z,1092187,1092187,25,5,signed payment,1624
2026-10-10T02:13:00Z,1066424,1066424,25,5,signed payment,1624
2026-10-10T02:14:00Z,1069491,1069491,25,5,signed payment,1624
2026-10-10T02:15:00Z,1074205,1074205,25,5,signed payment,1624
2026-10-10T02:16:00Z,1079455,1079455,25,5,signed payment,1624
2026-10-10T02:17:00Z,1087899,1087899,25,5,signed payment,1624
2026-10-10T02:18:00Z,1068633,1068633,25,5,signed payment,1624
2026-10-10T02:19:00Z,1065272,1065272,25,5,signed payment,1624
2026-10-10T02:20:00Z,1060264,1060264,25,5,signed payment,1624
2026-10-10T02:21:00Z,1064975,1064975,25,5,signed payment,1624
2026-10-10T02:22:00Z,1055722,1055722,25,5,signed payment,1624
2026-10-10T02:23:00Z,1071177,1071177,25,5,signed payment,1624
2026-10-10T02:24:00Z,1060636,1060636,25,5,signed payment,1624
2026-10-10T02:25:00Z,1040137,1040137,25,5,signed payment,1624
2026-10-10T02:26:00Z,1040555,1040555,25,5,signed payment,1624
2026-10-10T02:27:00Z,1049456,1049456,25,5,signed payment,1624
2026-10-10T02:28:00Z,1084778,1084778,25,5,signed payment,1624
2026-10-10T02:29:00Z,1090039,1090039,25,5,signed payment,1624
2026-10-10T02:30:00Z,1068194,1068194,25,5,signed payment,1624
2026-10-10T02:31:00Z,1071611,1071611,25,5,signed payment,1624
2026-10-10T02:32:00Z,1071784,1071784,25,5,signed payment,1624
2026-10-10T02:33:00Z,1094968,1094968,25,5,signed payment,1624
2026-10-10T02:34:00Z,1068541,1068541,25,5,signed payment,1624
2026-10-10T02:35:00Z,1057024,1057024,25,5,signed payment,1624
2026-10-10T02:36:00Z,1056557,1056557,25,5,signed payment,1624
2026-10-10T02:37:00Z,1051328,1051328,25,5,signed payment,1624
2026-10-10T02:38:00Z,1045716,1045716,25,5,signed payment,1624
2026-10-10T02:39:00Z,1048452,1048452,25,5,signed payment,1624
2026-10-10T02:40:00Z,1041547,1041547,25,5,signed payment,1624
2026-10-10T02:41:00Z,1056492,1056492,25,5,signed payment,1624
2026-10-10T02:42:00Z,1048443,1048443,25,5,signed payment,1624
2026-10-10T02:43:00Z,1057518,1057518,25,5,signed payment,1624
2026-10-10T02:44:00Z,1064691,1064691,25,5,signed payment,1624
2026-10-10T02:45:00Z,1059579,1059579,25,5,signed payment,1624
2026-10-10T02:46:00Z,1047050,1047050,25,5,signed payment,1624
2026-10-10T02:47:00Z,1042744,1042744,25,5,signed payment,1624
2026-10-10T02:48:00Z,1042688,1042688,25,5,signed payment,1624
2026-10-10T02:49:00Z,1033485,1033485,25,5,signed payment,1624
2026-10-10T02:50:00Z,1040974,1040974,25,5,signed payment,1624
2026-10-10T02:51:00Z,1050134,1050134,25,5,signed payment,1624
2026-10-10T02:52:00Z,1036987,1036987,25,5,signed payment,1624
2026-10-10T02:53:00Z,1058309,1058309,25,5,signed payment,1624
2026-10-10T02:54:00Z,1065604,1065604,25,5,signed payment,1624
2026-10-10T02:55:00Z,1072231,1072231,25,5,signed payment,1624
2026-10-10T02:56:00Z,1061538,1061538,25,5,signed payment,1624
2026-10-10T02:57:00Z,1068720,1068720,25,5,signed payment,1624
2026-10-10T02:58:00Z,1068038,1068038,25,5,signed payment,1624
2026-10-10T02:59:00Z,1046630,1046630,25,5,signed payment,1624
2026-10-10T03:00:00Z,1039173,1039173,25,5,signed payment,1624
2026-10-10T03:01:00Z,1048611,1048611,25,5,signed payment,1624
2026-10-10T03:02:00Z,1046908,1046908,25,5,signed payment,1624
2026-10-10T03:03:00Z,1041865,1041865,25,5,signed payment,1624
2026-10-10T03:04:00Z,1049208,1049208,25,5,signed payment,1624
2026-10-10T03:05:00Z,1059717,1059717,25,5,signed payment,1624
2026-10-10T03:06:00Z,1064518,1064518,25,5,signed payment,1624
2026-10-10T03:07:00Z,1050544,1050544,25,5,signed payment,1624
2026-10-10T03:08:00Z,1066805,1066805,25,5,signed payment,1624
2026-10-10T03:09:00Z,1054901,1054901,25,5,signed payment,1624
2026-10-10T03:10:00Z,1053758,1053758,25,5,signed payment,1624
2026-10-10T03:11:00Z,1053638,1053638,25,5,signed payment,1624
2026-10-10T03:12:00Z,1043005,1043005,25,5,signed payment,1624
2026-10-10T03:13:00Z,1055693,1055693,25,5,signed payment,1624
2026-10-10T03:14:00Z,1049241,1049241,25,5,signed payment,1624
2026-10-10T03:15:00Z,1049839,1049839,25,5,signed payment,1624
2026-10-10T03:16:00Z,1053284,1053284,25,5,signed payment,1624
2026-10-10T03:17:00Z,1067518,1067518,25,5,signed payment,1624
2026-10-10T03:18:00Z,1048326,1048326,25,5,signed payment,1624
2026-10-10T03:19:00Z,1046857,1046857,25,5,signed payment,1624
2026-10-10T03:20:00Z,1045264,1045264,25,5,signed payment,1624
2026-10-10T03:21:00Z,1049699,1049699,25,5,signed payment,1624
2026-10-10T03:22:00Z,1047964,1047964,25,5,signed payment,1624
2026-10-10T03:23:00Z,1055160,1055160,25,5,signed payment,1624
2026-10-10T03:24:00Z,1059925,1059925,25,5,signed payment,1624
2026-10-10T03:25:00Z,1032977,1032977,25,5,signed payment,1624
2026-10-10T03:26:00Z,1056621,1056621,25,5,signed payment,1624
2026-10-10T03:27:00Z,1036214,1036214,25,5,signed payment,1624
2026-10-10T03:28:00Z,1012687,1012687,25,5,signed payment,1624
2026-10-10T03:29:00Z,1002041,1002041,25,5,signed payment,1624
2026-10-10T03:30:00Z,1001886,1001886,25,5,signed payment,1624
2026-10-10T03:31:00Z,991547,991547,25,5,signed payment,1624
2026-10-10T03:32:00Z,1003957,1003957,25,5,signed payment,1624
2026-10-10T03:33:00Z,1007134,1007134,25,5,signed payment,1624
2026-10-10T03:34:00Z,1014919,1014919,25,5,signed payment,1624
2026-10-10T03:35:00Z,1004596,1004596,25,5,signed payment,1624
2026-10-10T03:36:00Z,1006854,1006854,25,5,signed payment,1624
2026-10-10T03:37:00Z,992814,992814,25,5,signed payment,1624
2026-10-10T03:38:00Z,1009877,1009877,25,5,signed payment,1624
2026-10-10T03:39:00Z,1027801,1027801,25,5,signed payment,1624
2026-10-10T03:40:00Z,1023670,1023670,25,5,signed payment,1624
2026-10-10T03:41:00Z,1074546,1074546,25,5,signed payment,1624
2026-10-10T03:42:00Z,1040116,1040116,25,5,signed payment,1624
2026-10-10T03:43:00Z,1045559,1045559,25,5,signed payment,1624
2026-10-10T03:44:00Z,1054914,1054914,25,5,signed payment,1624
2026-10-10T03:45:00Z,1042950,1042950,25,5,signed payment,1624
2026-10-10T03:46:00Z,1041849,1041849,25,5,signed payment,1624
2026-10-10T03:47:00Z,1059933,1059933,25,5,signed payment,1624
2026-10-10T03:48:00Z,1030374,1030374,25,5,signed payment,1624
2026-10-10T03:49:00Z,1046019,1046019,25,5,signed payment,1624
2026-10-10T03:50:00Z,1037508,1037508,25,5,signed payment,1624
2026-10-10T03:51:00Z,1049722,1049722,25,5,signed payment,1624
2026-10-10T03:52:00Z,1039426,1039426,25,5,signed payment,1624
2026-10-10T03:53:00Z,1047144,1047144,25,5,signed payment,1624
2026-10-10T03:54:00Z,1037832,1037832,25,5,signed payment,1624
2026-10-10T03:55:00Z,1060897,1060897,25,5,signed payment,1624
2026-10-10T03:56:00Z,1063519,1063519,25,5,signed payment,1624
2026-10-10T03:57:00Z,1046949,1046949,25,5,signed payment,1624
2026-10-10T03:58:00Z,1040980,1040980,25,5,signed payment,1624
2026-10-10T03:59:00Z,1045900,1045900,25,5,signed payment,1624
2026-10-10T04:00:00Z,1046286,1046286,25,5,signed payment,1624
2026-10-10T04:01:00Z,1040402,1040402,25,5,signed payment,1624
2026-10-10T04:02:00Z,1039132,1039132,25,5,signed payment,1624
2026-10-10T04:03:00Z,1051974,1051974,25,5,signed payment,1624
2026-10-10T04:04:00Z,1049139,1049139,25,5,signed payment,1624
2026-10-10T04:05:00Z,1041531,1041531,25,5,signed payment,1624
2026-10-10T04:06:00Z,1046032,1046032,25,5,signed payment,1624
2026-10-10T04:07:00Z,1049733,1049733,25,5,signed payment,1624
2026-10-10T04:08:00Z,1033985,1033985,25,5,signed payment,1624
2026-10-10T04:09:00Z,1043979,1043979,25,5,signed payment,1624
2026-10-10T04:10:00Z,1039652,1039652,25,5,signed payment,1624
2026-10-10T04:11:00Z,1051472,1051472,25,5,signed payment,1624
2026-10-10T04:12:00Z,1049541,1049541,25,5,signed payment,1624
2026-10-10T04:13:00Z,1047131,1047131,25,5,signed payment,1624
2026-10-10T04:14:00Z,1055095,1055095,25,5,signed payment,1624
2026-10-10T04:15:00Z,1061577,1061577,25,5,signed payment,1624
2026-10-10T04:16:00Z,1048952,1048952,25,5,signed payment,1624
2026-10-10T04:17:00Z,1041480,1041480,25,5,signed payment,1624
2026-10-10T04:18:00Z,1043469,1043469,25,5,signed payment,1624
2026-10-10T04:19:00Z,1042903,1042903,25,5,signed payment,1624
2026-10-10T04:20:00Z,1041047,1041047,25,5,signed payment,1624
2026-10-10T04:21:00Z,1048184,1048184,25,5,signed payment,1624
2026-10-10T04:22:00Z,1037723,1037723,25,5,signed payment,1624
2026-10-10T04:23:00Z,1041181,1041181,25,5,signed payment,1624
2026-10-10T04:24:00Z,1040709,1040709,25,5,signed payment,1624
2026-10-10T04:25:00Z,1040484,1040484,25,5,signed payment,1624
2026-10-10T04:26:00Z,1035001,1035001,25,5,signed payment,1624
2026-10-10T04:27:00Z,1050885,1050885,25,5,signed payment,1624
2026-10-10T04:28:00Z,1035828,1035828,25,5,signed payment,1624
2026-10-10T04:29:00Z,1041507,1041507,25,5,signed payment,1624
2026-10-10T04:30:00Z,1035260,1035260,25,5,signed payment,1624
2026-10-10T04:31:00Z,1031814,1031814,25,5,signed payment,1624
2026-10-10T04:32:00Z,1051086,1051086,25,5,signed payment,1624
2026-10-10T04:33:00Z,1053546,1053546,25,5,signed payment,1624
2026-10-10T04:34:00Z,1045964,1045964,25,5,signed payment,1624
2026-10-10T04:35:00Z,1055058,1055058,25,5,signed payment,1624
2026-10-10T04:36:00Z,1043642,1043642,25,5,signed payment,1624
2026-10-10T04:37:00Z,1032187,1032187,25,5,signed payment,1624
2026-10-10T04:38:00Z,1041160,1041160,25,5,signed payment,1624
2026-10-10T04:39:00Z,1029625,1029625,25,5,signed payment,1624
2026-10-10T04:40:00Z,1021956,1021956,25,5,signed payment,1624
2026-10-10T04:41:00Z,1034920,1034920,25,5,signed payment,1624
2026-10-10T04:42:00Z,1022211,1022211,25,5,signed payment,1624
2026-10-10T04:43:00Z,1046026,1046026,25,5,signed payment,1624
2026-10-10T04:44:00Z,1033025,1033025,25,5,signed payment,1624
2026-10-10T04:45:00Z,0,0,0,0,signed payment,1624
2026-10-10T04:46:00Z,0,0,0,0,signed payment,1624
2026-10-10T04:47:00Z,0,0,0,0,signed payment,1624
2026-10-10T04:48:00Z,0,0,0,0,signed payment,1624
2026-10-10T04:49:00Z,0,0,0,0,signed payment,1624
2026-10-10T04:50:00Z,0,0,0,0,signed payment,1624
2026-10-10T04:51:00Z,0,0,0,0,signed payment,1624
2026-10-10T04:52:00Z,0,0,0,0,signed payment,1624
2026-10-10T04:53:00Z,0,0,0,0,signed payment,1624
2026-10-10T04:54:00Z,0,0,0,0,signed payment,1624
2026-10-10T04:55:00Z,0,0,0,0,signed payment,1624
2026-10-10T04:56:00Z,0,0,0,0,signed payment,1624
2026-10-10T04:57:00Z,0,0,0,0,signed payment,1624
2026-10-10T04:58:00Z,0,0,0,0,signed payment,1624
