t,session,sender_count,synced,utxo,mempool,fee,lag_s,keel_lag_s,free_ram_gb,disk_free_gb,cpu_pct,miner_count,shape,mass,build_submitted_tps,build_accepted_tps,locus_unique_accepted_tps,locus_valid_minutes,rejects,blocks_total,blocks_ours,mining_share_pct,chain_deviation,usage
2026-10-09T16:57:24.183Z,up,,true,true,0,100,0,0,6.99,535.6,46,12,signed payment,1624,,,,,,,,,,not measured
2026-10-09T16:58:46.629Z,up,,true,true,0,100,1,1,7.5,535.5,46,12,signed payment,1624,,,,,,,,,,not measured
2026-10-09T17:09:09.434Z,up,,true,true,0,100,0,0,7.99,535.5,56,12,signed payment,1624,,,,,,,,,,not measured
2026-10-09T17:18:50.442Z,up,,true,true,0,100,0,1,8.19,535.4,41,12,signed payment,1624,,,,,,,,,,not measured
2026-10-09T17:24:34.041Z,up,0,true,true,0,100,1,1,8.49,535.4,59,12,signed payment,1624,0,,,0,0,0,0,,,not measured
2026-10-09T17:35:05.912Z,up,0,true,true,0,100,0,1,8.8,535.3,37,12,signed payment,1624,0,0,61.34,9,0,6355,4294,67.57,,not measured
2026-10-09T17:44:33.874Z,up,0,true,true,0,100,0,0,8.55,535.2,36,12,signed payment,1624,0,0,61.3,9,0,5414,3738,69.04,,not measured
2026-10-09T17:55:10.046Z,up,0,true,true,57,100,0,0,8.27,535.1,20,12,signed payment,1624,0,0,61.52,9,0,6700,4606,68.75,,not measured
2026-10-09T18:04:43.615Z,up,0,true,true,0,100,1,1,7.87,535,41,12,signed payment,1624,0,0,61.6,9,0,5444,3797,69.75,,not measured
2026-10-09T18:15:02.596Z,up,0,true,true,0,100,0,0,7.67,534.9,40,12,signed payment,1624,0,0,61.49,9,0,6943,4741,68.28,,not measured
2026-10-09T18:24:34.533Z,up,0,true,true,0,100,1,1,6.21,534.9,35,12,signed payment,1624,0,0,60.15,9,0,4905,3134,63.89,,not measured
2026-10-09T18:36:27.905Z,up,0,true,true,0,100,0,2,9.09,533.8,54,12,signed payment,1624,0,0,60,9,0,6685,4352,65.1,,not measured
2026-10-09T18:44:35.997Z,up,0,true,true,0,100,1,1,6.79,533.4,42,12,signed payment,1624,0,0,88.84,9,0,4880,3298,67.58,,not measured
2026-10-09T18:54:34.091Z,up,0,true,true,8252,100,0,0,6.7,533.1,21,12,signed payment,1624,0,2.88,92.52,9,0,6119,4143,67.71,,not measured
2026-10-09T19:04:35.378Z,up,0,true,true,5162,100,0,228,4.93,528.4,56,12,signed payment,1624,0,5.21,75.38,9,0,5938,4200,70.73,,not measured
2026-10-09T19:14:35.013Z,up,0,true,true,2610,126,0,594,3.99,526.4,54,12,signed payment,1624,0,45.47,105.69,9,0,5585,3964,70.98,,not measured
2026-10-09T19:25:19.510Z,up,0,true,true,5,118,1,1084,4.81,532.9,45,12,signed payment,1624,0,41.09,101.16,9,0,6415,4832,75.32,,not measured
2026-10-09T19:35:43.332Z,up,0,true,true,81,130,1,1412,4.86,533,60,12,signed payment,1624,0,37.69,97.5,9,0,5888,4746,80.6,,not measured
2026-10-09T19:46:39.213Z,up,0,true,true,0,100,0,1672,6.39,533.3,28,12,signed payment,1624,0,24.12,85.11,9,0,6985,4924,70.49,,not measured
2026-10-09T19:54:50.471Z,up,0,true,true,0,100,0,1504,5.34,533.1,31,12,signed payment,1624,0,0,61.8,9,0,5198,3670,70.6,,not measured
2026-10-09T20:04:48.546Z,up,0,true,true,0,100,1,393,4.5,532.7,36,12,signed payment,1624,0,0,61.38,9,0,6186,4156,67.18,,not measured
2026-10-09T20:14:34.182Z,up,0,true,true,0,100,0,0,5.2,532.1,47,12,signed payment,1624,0,0,61.12,9,0,6137,4184,68.18,,not measured
2026-10-09T20:24:36.348Z,up,0,true,true,50,100,0,0,5.05,532.7,40,12,signed payment,1624,0,0,60.63,9,0,5980,4079,68.21,,not measured
2026-10-09T20:34:34.282Z,up,0,true,true,1,100,1,2,4.74,532.7,17,1,signed payment,1624,0,0,85.5,9,0,5285,2755,52.13,,not measured
2026-10-09T20:44:34.094Z,up,0,true,true,11,100,2,2,5.07,532.7,15,1,signed payment,1624,0,0,92.59,7,0,4344,649,14.94,,not measured
2026-10-09T20:54:34.287Z,up,5,true,true,0,100,1,1,5.2,532.6,27,1,signed payment,1624,3.11,6.36,112.75,9,0,4675,685,14.65,,not measured
2026-10-09T21:04:34.135Z,up,0,true,true,0,100,0,0,5.31,531.9,24,1,signed payment,1624,12.53,26.33,110.06,9,0,4989,823,16.5,,not measured
2026-10-09T21:15:49.935Z,up,0,true,true,6,100,0,0,6.95,532.1,19,1,signed payment,1624,0,0,64.38,9,0,5180,675,13.03,,not measured
2026-10-09T21:25:55.179Z,up,5,true,true,7,100,1,1,6.41,530.6,42,1,signed payment,1624,3013.47,0,65.8,9,1627275,4938,685,13.87,,not measured
2026-10-09T21:30:57.036Z,up,0,true,true,22,100,1,1,6.65,529.8,22,1,signed payment,1624,4849.03,0,61.42,9,2909421,0,0,,,not measured
2026-10-09T21:33:30.672Z,up,0,true,true,0,100,1,2,6.46,529.8,6,1,signed payment,1624,4034.93,0,62.11,6,1936768,89,5,5.62,,not measured
2026-10-09T21:35:37.649Z,up,0,true,true,0,100,0,0,6.22,527.9,27,1,signed payment,1624,2411.1,0,62.16,6,1301992,0,0,,,not measured
2026-10-09T21:35:43.287Z,up,0,true,true,0,100,1,1,6.33,527.9,23,1,signed payment,1624,2169.99,0,62.16,6,1301992,0,0,,,not measured
2026-10-09T21:37:31.983Z,up,0,true,true,1,100,1,1,6.86,527.9,1,1,signed payment,1624,982.94,0,59.82,6,648740,0,0,,,not measured
2026-10-09T21:38:25.192Z,up,0,true,true,0,100,0,0,7.07,527.9,6,1,signed payment,1624,472.54,0,58.98,6,340229,0,0,,,not measured
2026-10-09T21:48:11.760Z,up,0,true,true,0,100,2,2,7.98,527.9,21,1,signed payment,1624,1.32,1.31,61.21,9,0,0,0,,,not measured
2026-10-09T21:52:12.856Z,up,0,true,true,0,100,1,1,7.83,527.8,15,1,signed payment,1624,1.32,1.31,60.8,9,0,0,0,,,not measured
2026-10-09T22:02:13.237Z,up,0,true,true,0,100,0,0,7.59,527.8,11,0,signed payment,1624,0.91,1.04,69.88,9,0,5574,718,12.88,,not measured
2026-10-09T22:12:12.951Z,up,4,true,true,7,100,2,2,7.22,527.8,11,0,signed payment,1624,3.64,4.21,98.18,9,0,5539,0,0,,not measured
2026-10-09T22:22:12.681Z,up,0,true,true,0,100,0,1,7.58,527.8,4,0,signed payment,1624,4.56,5.38,74.6,9,0,5608,0,0,,not measured
2026-10-09T22:32:13.047Z,up,5,true,true,144,100,1,1,6.33,528,8,1,signed payment,1624,7.95,7.95,84.23,9,0,6258,826,13.2,,not measured
2026-10-09T22:42:13.131Z,up,5,true,true,226,100,1,1,6.08,527.8,11,1,signed payment,1624,123.4,146.06,222.7,9,0,6277,1245,19.83,,not measured
2026-10-09T22:52:12.933Z,up,5,true,true,0,100,0,1,6,527.5,8,1,signed payment,1624,47.35,51.55,152.62,9,0,6315,1266,20.05,,not measured
2026-10-09T23:02:12.802Z,up,5,true,true,383,100,0,0,5.22,527.2,13,1,signed payment,1624,302.31,357.32,434.29,9,0,6146,1146,18.65,,not measured
2026-10-09T23:12:12.992Z,up,5,true,true,702,173,0,1,5.25,527,25,1,signed payment,1624,82.05,122.11,232.89,9,0,5915,1218,20.59,,not measured
2026-10-09T23:22:13.244Z,up,5,true,true,718,160,1,1,4.37,526.5,16,1,signed payment,1624,656.56,781.58,893.73,9,0,5550,1107,19.95,,not measured
2026-10-09T23:32:13.149Z,up,5,true,true,989,181,0,1,4.7,526.2,14,1,signed payment,1624,156.74,227.72,304.7,9,0,5782,1289,22.29,,not measured
2026-10-09T23:42:13.755Z,up,5,true,true,744,180,1,1,4.39,525.5,30,1,signed payment,1624,810,968.09,1069.49,9,0,5293,1156,21.84,,not measured
2026-10-09T23:52:13.255Z,up,0,true,true,4,100,0,1,5.83,525.3,9,1,signed payment,1624,180.22,216.79,317.57,9,0,6121,1203,19.65,,not measured
2026-10-10T00:02:12.885Z,up,0,true,true,28,100,1,1,5.83,525.2,0,1,signed payment,1624,0,0,75.93,9,0,6650,1360,20.45,,not measured
2026-10-10T00:12:13.434Z,up,0,true,true,30,100,0,0,5.43,525.1,12,1,signed payment,1624,0,0,110.41,9,0,6421,1271,19.79,,not measured
2026-10-10T00:22:13.857Z,up,0,true,true,0,100,0,0,5.77,525,10,1,signed payment,1624,0,0,95.5,9,0,6224,1200,19.28,,not measured
2026-10-10T00:32:13.113Z,up,5,true,true,538,180,1,1,4.22,524.5,19,1,signed payment,1624,459.89,591.01,747.89,9,0,5882,1067,18.14,,not measured
2026-10-10T00:42:14.246Z,up,5,true,true,226,100,0,0,4.18,524,23,1,signed payment,1624,806.37,972.59,1097.43,9,0,5728,1160,20.25,,not measured
2026-10-10T00:52:14.197Z,up,5,true,true,808,100,1,13,4.69,523.2,14,1,signed payment,1624,805.64,969.89,1208.96,9,0,5643,1155,20.47,,not measured
2026-10-10T01:02:13.377Z,up,5,true,true,506,177,0,1,3.7,522.5,14,1,signed payment,1624,803.42,970.26,1040.79,9,0,5892,1198,20.33,,not measured
2026-10-10T01:12:13.520Z,up,5,true,true,847,180,1,65,3.71,521.9,35,1,signed payment,1624,801.78,970.85,1032.47,9,0,6015,1193,19.83,,not measured
2026-10-10T01:22:13.844Z,up,5,true,true,572,176,0,64,3.65,521.3,22,1,signed payment,1624,801.99,970.11,1031.63,9,0,6015,1196,19.88,,not measured
2026-10-10T01:32:14.881Z,up,5,true,true,513,174,0,0,11.72,519.3,39,0,signed payment,1624,7646,970.13,1033.23,5,3872280,3885,755,19.43,,not measured
2026-10-10T01:42:13.673Z,up,5,true,true,513,174,0,1,13.3,514.6,55,0,signed payment,1624,17794.47,,,0,9609012,0,0,,,not measured
2026-10-10T01:52:13.725Z,up,5,true,true,513,174,0,0,12.9,510.8,57,0,signed payment,1624,17348.26,,,0,9368061,0,0,,,not measured
2026-10-10T02:02:13.882Z,up,5,true,true,513,174,0,1,13.4,506.8,62,0,signed payment,1624,17611.05,,,0,9509968,0,0,,,not measured
2026-10-10T02:12:13.809Z,up,5,true,true,513,174,0,0,13.65,502.7,59,0,signed payment,1624,17906.64,,,0,9669588,0,0,,,not measured
2026-10-10T02:22:13.987Z,up,5,true,true,513,174,0,1,13.97,498.6,43,0,signed payment,1624,17845.59,,,0,9636618,0,0,,,not measured
2026-10-10T02:32:14.409Z,up,5,true,true,513,174,0,0,13.91,494.5,40,0,signed payment,1624,17734.41,,,0,9576583,0,0,,,not measured
2026-10-10T02:42:14.160Z,up,5,true,true,513,174,0,0,13.66,490.5,64,0,signed payment,1624,17630.79,,,0,9520625,0,0,,,not measured
2026-10-10T02:52:14.347Z,up,5,true,true,513,174,0,0,13.54,486.5,59,0,signed payment,1624,17479.38,,,0,9438863,0,0,,,not measured
2026-10-10T03:02:14.183Z,up,5,true,true,513,174,0,0,13.8,482.4,55,0,signed payment,1624,17646.03,,,0,9528854,0,0,,,not measured
2026-10-10T03:12:14.445Z,up,5,true,true,513,174,0,1,13.73,478.4,58,0,signed payment,1624,17583.25,,,0,9494954,0,0,,,not measured
2026-10-10T03:22:14.247Z,up,5,true,true,513,174,0,1,13.98,474.3,48,0,signed payment,1624,17529.11,,,0,9465721,0,0,,,not measured
2026-10-10T03:32:14.364Z,up,5,true,true,513,174,0,0,13.17,470.3,44,0,signed payment,1624,17127.89,,,0,9249058,0,0,,,not measured
2026-10-10T03:42:14.698Z,up,5,true,true,513,174,0,1,13.3,466.4,48,0,signed payment,1624,16967.06,,,0,9162211,0,0,,,not measured
2026-10-10T03:52:14.646Z,up,5,true,true,513,174,0,1,13.72,462.4,48,0,signed payment,1624,17423.76,,,0,9408828,0,0,,,not measured
2026-10-10T04:02:14.705Z,up,5,true,true,513,174,0,0,13.49,458.3,43,0,signed payment,1624,17462.79,,,0,9429909,0,0,,,not measured
2026-10-10T04:12:14.679Z,up,5,true,true,513,174,0,1,13.62,454.2,62,0,signed payment,1624,17421.29,,,0,9407497,0,0,,,not measured
2026-10-10T04:22:14.819Z,up,5,true,true,513,174,0,0,13.86,450.2,43,0,signed payment,1624,17462.66,,,0,9429838,0,0,,,not measured
2026-10-10T04:32:14.968Z,up,5,true,true,513,174,0,0,13.7,446.1,46,0,signed payment,1624,17319.76,,,0,9352669,0,0,,,not measured
2026-10-10T04:42:15.029Z,up,5,true,true,513,174,0,1,13.49,442,33,0,signed payment,1624,17329.74,,,0,9358058,0,0,,,not measured
2026-10-10T04:52:12.911Z,up,0,true,true,513,174,0,0,14.86,440.8,3,0,signed payment,1624,3850.09,,,0,2079051,0,0,,,not measured
