id,phase,load_start,load_end,minutes,valid_minutes,headline_unique_accepted_tps,headline_note,peak_minute_unique_accepted_tps,duplicate_share,own_accepted_tps,own_duplicate_share,shape,mass,own_submit,own_eventual_accept,own_eventual_pct,clean_99
health,stop-and-health,2026-10-09T20:15:00Z,2026-10-09T20:30:00.000Z,15,15,60.72,,64.26,0.31,0,0,signed payment,1624,0,0,,
reh-wait,rehearsal-miners,2026-10-09T20:30:00Z,2026-10-09T20:53:00.000Z,23,21,112.74,,119.66,0.41,0,0,signed payment,1624,0,0,,
reh-60,rehearsal-60,2026-10-09T20:53:00Z,2026-10-09T20:59:00.000Z,6,6,149.19,,186.88,0.42,59.45,0.43,signed payment,1624,21360,21296,99.7,true
wrap,rehearsal-wrap,2026-10-09T20:59:00Z,2026-10-09T21:00:00.000Z,1,1,,not enough data,63.13,0.35,,0,signed payment,1624,0,64,,
1,B0,2026-10-09T21:00:00Z,2026-10-09T21:10:00.000Z,10,10,64.59,,66.39,0.38,0,0,signed payment,1624,0,0,,
2,C1,2026-10-09T21:10:00Z,2026-10-09T21:20:00.000Z,10,10,73.7,,76.2,0.3,0,0,signed payment,1624,0,0,,
3,C2,2026-10-09T21:20:00Z,2026-10-09T21:30:00.000Z,10,10,59.62,,68.73,0.34,0,0,signed payment,1624,6994831,0,0,false
4,C3,2026-10-09T21:30:00Z,2026-10-09T21:40:00.000Z,11,6,59.22,,61.28,0.36,0,0,signed payment,1624,344934,0,0,false
5,2x,2026-10-09T21:40:00Z,2026-10-09T21:55:00.000Z,15,15,59.79,,66.7,0.33,0,0,signed payment,1624,1309,1289,98.47,false
6,settle-off,2026-10-09T22:00:00Z,2026-10-09T22:05:00.000Z,5,5,103.49,,105.57,0.31,0,0,signed payment,1624,0,0,,
7,2x-miners-off,2026-10-09T22:05:00Z,2026-10-09T22:20:00.000Z,15,15,66.57,,110.81,0.34,6.88,0.23,signed payment,1624,5614,5613,99.98,true
8,settle-on,2026-10-09T22:25:00Z,2026-10-09T22:30:00.000Z,5,5,103.18,,105.98,0.36,0,0,signed payment,1624,0,0,,
9,5x,2026-10-09T22:30:00Z,2026-10-09T22:45:00.000Z,15,15,213.68,,260.69,0.27,145.55,0.21,signed payment,1624,118548,118401,99.88,true
10,10x,2026-10-09T22:50:00Z,2026-10-09T23:05:00.000Z,15,15,428.4,,470.74,0.25,356.98,0.22,signed payment,1624,290763,290572,99.93,true
11,20x,2026-10-09T23:10:00Z,2026-10-09T23:25:00.000Z,15,15,888.81,,904.01,0.3,779.65,0.28,signed payment,1624,634996,634637,99.94,true
12,30x,2026-10-09T23:30:00Z,2026-10-09T23:45:00.000Z,15,15,1078.3,,1089.72,0.32,966.79,0.32,signed payment,1624,786889,786272,99.92,true
13,max,2026-10-09T23:50:00Z,2026-10-10T00:05:00.000Z,15,15,67.03,,111.66,0.35,0,0,signed payment,1624,0,0,,
14,B1,2026-10-10T00:15:00Z,2026-10-10T00:25:00.000Z,10,10,111.13,,155.08,0.34,0,0,signed payment,1624,0,0,,
15,hold,2026-10-10T00:25:00Z,2026-10-10T04:45:00.000Z,260,63,1039.78,,1233.51,0.31,969.85,0.3,signed payment,1624,260007581,3616198,1.39,false
16,final-drain,2026-10-10T04:45:00Z,2026-10-10T05:00:00.000Z,14,0,,not enough data,0,,,,signed payment,1624,5,0,0,false
end,end,2026-10-10T05:00:00Z,2026-10-10T05:00:00.000Z,0,0,,not enough data,,,,,signed payment,1624,0,0,,
